date,inpatient_beds,state,series_complete_yes,booster_doses
2022-01-02,530462.2,AK,412439.0,143565.0
2022-01-02,530462.2,NC,5965690.0,1225998.0
2022-01-02,530462.2,ND,401097.0,146629.0
2022-01-02,530462.2,NE,1157882.0,464252.0
2022-01-02,530462.2,NH,915481.0,132383.0
2022-01-02,530462.2,NJ,6268124.0,2145408.0
2022-01-02,530462.2,NM,1391377.0,547206.0
2022-01-02,530462.2,NV,1742748.0,518551.0
2022-01-02,530462.2,NY,13992754.0,4686613.0
2022-01-02,530462.2,OH,6467075.0,2686731.0
2022-01-02,530462.2,OK,2119215.0,637840.0
2022-01-02,530462.2,OR,2805578.0,1106555.0
2022-01-02,530462.2,PR,2461506.0,710725.0
2022-01-02,530462.2,RI,812168.0,349350.0
2022-01-02,530462.2,SC,2741032.0,870944.0
2022-01-02,530462.2,SD,506058.0,174074.0
2022-01-02,530462.2,TN,3510846.0,1244053.0
2022-01-02,530462.2,TX,16517978.0,4641618.0
2022-01-02,530462.2,UT,1885145.0,567446.0
2022-01-02,530462.2,VA,5815658.0,2167365.0
2022-01-02,530462.2,VI,53848.0,12205.0
2022-01-02,530462.2,VT,484216.0,240489.0
2022-01-02,530462.2,WA,5177022.0,1984286.0
2022-01-02,530462.2,WI,3611924.0,1619586.0
2022-01-02,530462.2,WV,987714.0,373083.0
2022-01-02,530462.2,WY,275399.0,99249.0
2022-01-02,530462.2,MT,577429.0,229953.0
2022-01-02,530462.2,MS,1430657.0,355067.0
2022-01-02,530462.2,PA,8175381.0,2619108.0
2022-01-02,530462.2,MO,3258083.0,1100783.0
2022-01-02,530462.2,MP,39878.0,13714.0
2022-01-02,530462.2,AR,1545587.0,467495.0
2022-01-02,530462.2,AS,32705.0,3408.0
2022-01-02,530462.2,AZ,4155709.0,1263612.0
2022-01-02,530462.2,CA,26204696.0,8891986.0
2022-01-02,530462.2,CO,3818744.0,1570799.0
2022-01-02,530462.2,CT,2667658.0,1048108.0
2022-01-02,530462.2,DC,478298.0,133251.0
2022-01-02,530462.2,DE,625671.0,217041.0
2022-01-02,530462.2,FL,13620380.0,4316782.0
2022-01-02,530462.2,GA,5438749.0,1555982.0
2022-01-02,530462.2,GU,127114.0,32884.0
2022-01-02,530462.2,HI,0.0,0.0
2022-01-02,530462.2,AL,2340996.0,648381.0
2022-01-02,530462.2,MD,4260396.0,1619598.0
2022-01-02,530462.2,ID,826750.0,317324.0
2022-01-02,530462.2,IL,8133163.0,3157303.0
2022-01-02,530462.2,IN,3504434.0,1247080.0
2022-01-02,530462.2,KS,1663083.0,561913.0
2022-01-02,530462.2,KY,2427182.0,872856.0
2022-01-02,530462.2,LA,2342010.0,734754.0
2022-01-02,530462.2,MA,5138321.0,2015198.0
2022-01-02,530462.2,IA,1862206.0,831903.0
2022-01-02,530462.2,ME,1020346.0,454160.0
2022-01-02,530462.2,MI,5679420.0,2378835.0
2022-01-02,530462.2,MN,3694207.0,1716855.0
2022-01-09,540756.2,NY,14050113.142857144,4868728.428571428
2022-01-09,540756.2,MT,579121.7142857143,235519.42857142858
2022-01-09,540756.2,OK,2128034.8571428573,661689.8571428572
2022-01-09,540756.2,OH,6493623.0,2811221.4285714286
2022-01-09,540756.2,NV,1749707.0,537995.8571428572
2022-01-09,540756.2,NC,5984213.571428572,1264800.7142857143
2022-01-09,540756.2,NJ,6295556.714285715,2246586.0
2022-01-09,540756.2,NH,917344.4285714285,136250.42857142858
2022-01-09,540756.2,NE,1163909.4285714286,484787.14285714284
2022-01-09,540756.2,ND,402835.85714285716,150352.2857142857
2022-01-09,540756.2,OR,2811636.1428571427,1135759.7142857143
2022-01-09,540756.2,NM,1395369.4285714286,557330.0
2022-01-09,540756.2,PR,2469332.285714286,749422.0
2022-01-09,540756.2,UT,1894545.5714285714,596793.2857142857
2022-01-09,540756.2,SC,2749998.4285714286,900632.8571428572
2022-01-09,540756.2,SD,508341.4285714286,179377.7142857143
2022-01-09,540756.2,TN,3523708.4285714286,1290529.0
2022-01-09,540756.2,TX,16612142.142857144,4940243.714285715
2022-01-09,540756.2,VA,5832541.571428572,2241027.8571428573
2022-01-09,540756.2,VI,53994.857142857145,12791.142857142857
2022-01-09,540756.2,VT,485944.4285714286,247228.0
2022-01-09,540756.2,WA,5193284.714285715,2061461.857142857
2022-01-09,540756.2,WI,3625701.4285714286,1681101.4285714286
2022-01-09,540756.2,WV,990961.7142857143,384868.71428571426
2022-01-09,540756.2,WY,276480.5714285714,101724.85714285714
2022-01-09,540756.2,RI,815399.4285714285,362360.14285714284
2022-01-09,540756.2,MS,1448541.5714285714,423974.28571428574
2022-01-09,540756.2,PA,8220450.285714285,2744557.1428571427
2022-01-09,540756.2,MO,3264947.714285714,1122545.0
2022-01-09,540756.2,AL,2349452.4285714286,670206.2857142857
2022-01-09,540756.2,AR,1553799.857142857,491668.14285714284
2022-01-09,540756.2,AS,34792.71428571428,3778.1428571428573
2022-01-09,540756.2,AZ,4175446.5714285714,1321087.5714285714
2022-01-09,540756.2,CA,26322471.42857143,9272947.57142857
2022-01-09,540756.2,CO,3832138.714285714,1619361.2857142857
2022-01-09,540756.2,CT,2676330.4285714286,1088242.0
2022-01-09,540756.2,DC,479538.14285714284,137317.7142857143
2022-01-09,540756.2,DE,628350.7142857143,225778.14285714287
2022-01-09,540756.2,FL,13666892.714285715,4493186.857142857
2022-01-09,540756.2,GA,5451916.428571428,1592764.7142857143
2022-01-09,540756.2,GU,127435.42857142857,33626.71428571428
2022-01-09,540756.2,HI,0.0,0.0
2022-01-09,540756.2,AK,413807.85714285716,147915.14285714287
2022-01-09,540756.2,IA,1869513.2857142857,858499.8571428572
2022-01-09,540756.2,MN,3709639.4285714286,1779091.4285714286
2022-01-09,540756.2,MI,5701662.285714285,2461909.285714286
2022-01-09,540756.2,ME,1023984.0,471222.71428571426
2022-01-09,540756.2,MD,4275560.714285715,1685215.857142857
2022-01-09,540756.2,MA,5153546.857142857,2090648.4285714286
2022-01-09,540756.2,MP,40564.42857142857,14339.142857142857
2022-01-09,540756.2,KY,2434697.285714286,899744.7142857143
2022-01-09,540756.2,KS,1669967.5714285714,583984.2857142857
2022-01-09,540756.2,IN,3512436.4285714286,1280254.7142857143
2022-01-09,540756.2,IL,8182144.857142857,3315515.8571428573
2022-01-09,540756.2,ID,828833.5714285715,326363.0
2022-01-09,540756.2,LA,2349676.8571428573,761004.0
2022-01-16,540573.3,OK,2141208.8571428573,701267.0
2022-01-16,540573.3,OH,6536189.285714285,2998826.714285714
2022-01-16,540573.3,NY,14163609.142857144,5220738.714285715
2022-01-16,540573.3,NV,1762526.5714285714,576090.1428571428
2022-01-16,540573.3,NM,1405812.0,591042.4285714285
2022-01-16,540573.3,NH,922696.7142857143,152956.57142857142
2022-01-16,540573.3,OR,2827932.0,1218229.0
2022-01-16,540573.3,NE,1170821.142857143,510877.0
2022-01-16,540573.3,ND,405215.0,155570.42857142858
2022-01-16,540573.3,NC,6019157.571428572,1343822.4285714286
2022-01-16,540573.3,MT,581768.7142857143,244288.57142857142
2022-01-16,540573.3,NJ,6343109.428571428,2411715.8571428573
2022-01-16,540573.3,PA,8285581.0,2920394.285714286
2022-01-16,540573.3,SC,2767027.1428571427,958154.0
2022-01-16,540573.3,RI,822056.8571428572,388679.71428571426
2022-01-16,540573.3,SD,511834.28571428574,187419.42857142858
2022-01-16,540573.3,TN,3541660.8571428573,1349400.857142857
2022-01-16,540573.3,WY,278178.85714285716,105923.42857142857
2022-01-16,540573.3,UT,1908255.857142857,633293.5714285715
2022-01-16,540573.3,VA,5867246.0,2386246.1428571427
2022-01-16,540573.3,VI,54307.28571428572,13751.857142857143
2022-01-16,540573.3,VT,489099.0,260894.85714285713
2022-01-16,540573.3,WA,5224732.142857143,2208785.285714286
2022-01-16,540573.3,WI,3648232.5714285714,1776853.2857142857
2022-01-16,540573.3,WV,995359.5714285715,401277.85714285716
2022-01-16,540573.3,MS,1456854.7142857143,453779.0
2022-01-16,540573.3,PR,2482301.285714286,815925.4285714285
2022-01-16,540573.3,TX,16723002.714285715,5265239.571428572
2022-01-16,540573.3,MP,41233.142857142855,15259.857142857143
2022-01-16,540573.3,MN,3732628.0,1870358.0
2022-01-16,540573.3,MO,3284842.1428571427,1190756.5714285714
2022-01-16,540573.3,AK,416001.5714285714,154534.0
2022-01-16,540573.3,AL,2364990.8571428573,709346.4285714285
2022-01-16,540573.3,AR,1563745.0,524653.7142857143
2022-01-16,540573.3,AS,36090.857142857145,4272.428571428572
2022-01-16,540573.3,AZ,4207427.142857143,1417205.857142857
2022-01-16,540573.3,CA,26529523.85714286,10035950.285714285
2022-01-16,540573.3,CT,2693137.714285714,1159188.4285714286
2022-01-16,540573.3,DC,483103.28571428574,145931.14285714287
2022-01-16,540573.3,DE,632333.2857142857,238501.85714285713
2022-01-16,540573.3,FL,13744442.57142857,4778169.571428572
2022-01-16,540573.3,GA,5486823.142857143,1687757.0
2022-01-16,540573.3,CO,3854917.5714285714,1709072.5714285714
2022-01-16,540573.3,HI,0.0,0.0
2022-01-16,540573.3,MI,5737493.714285715,2595294.5714285714
2022-01-16,540573.3,GU,128313.71428571429,36073.57142857143
2022-01-16,540573.3,ME,1029865.8571428572,499014.0
2022-01-16,540573.3,MD,4311972.285714285,1809018.4285714286
2022-01-16,540573.3,MA,5185756.571428572,2243572.285714286
2022-01-16,540573.3,KY,2446998.285714286,944576.0
2022-01-16,540573.3,LA,2363435.1428571427,807377.8571428572
2022-01-16,540573.3,IN,3533928.0,1373471.857142857
2022-01-16,540573.3,IL,8239610.0,3533882.285714286
2022-01-16,540573.3,ID,832323.4285714285,340908.14285714284
2022-01-16,540573.3,IA,1878952.0,891223.8571428572
2022-01-16,540573.3,KS,1681427.2857142857,618976.0
2022-01-23,540351.6,NY,14273533.57142857,5524121.142857143
2022-01-23,540351.6,OR,2843967.0,1296785.4285714286
2022-01-23,540351.6,OK,2160646.1428571427,733070.5714285715
2022-01-23,540351.6,OH,6580152.285714285,3135590.5714285714
2022-01-23,540351.6,NV,1781343.2857142857,606931.8571428572
2022-01-23,540351.6,NC,6070261.0,1403990.5714285714
2022-01-23,540351.6,NJ,6387361.428571428,2553115.4285714286
2022-01-23,540351.6,NH,928605.5714285715,168347.2857142857
2022-01-23,540351.6,NE,1180344.2857142857,530909.0
2022-01-23,540351.6,ND,408559.0,159063.7142857143
2022-01-23,540351.6,PA,8341549.714285715,3134832.0
2022-01-23,540351.6,NM,1419558.2857142857,622876.1428571428
2022-01-23,540351.6,PR,2502756.0,893858.4285714285
2022-01-23,540351.6,WY,283739.4285714286,110659.71428571429
2022-01-23,540351.6,SC,2799229.4285714286,1001912.5714285715
2022-01-23,540351.6,SD,516121.71428571426,193814.42857142858
2022-01-23,540351.6,TN,3572127.714285714,1399312.5714285714
2022-01-23,540351.6,TX,16868336.85714286,5530993.571428572
2022-01-23,540351.6,UT,1925396.142857143,665857.8571428572
2022-01-23,540351.6,VA,5963332.571428572,2498729.5714285714
2022-01-23,540351.6,VI,54692.71428571428,14310.857142857143
2022-01-23,540351.6,VT,492269.85714285716,272332.0
2022-01-23,540351.6,WA,5279783.571428572,2331294.714285714
2022-01-23,540351.6,WI,3670220.285714286,1850351.7142857143
2022-01-23,540351.6,WV,1000534.1428571428,413553.0
2022-01-23,540351.6,MT,586221.5714285715,252970.57142857142
2022-01-23,540351.6,RI,827745.0,400224.14285714284
2022-01-23,540351.6,MS,1474356.142857143,486739.71428571426
2022-01-23,540351.6,HI,0.0,0.0
2022-01-23,540351.6,MO,3311019.714285714,1253021.5714285714
2022-01-23,540351.6,AL,2393504.8571428573,742738.2857142857
2022-01-23,540351.6,AR,1576491.4285714286,549874.2857142857
2022-01-23,540351.6,AS,36594.142857142855,4638.142857142857
2022-01-23,540351.6,AZ,4241051.857142857,1497584.5714285714
2022-01-23,540351.6,CA,26859641.0,10713465.42857143
2022-01-23,540351.6,CO,3893295.8571428573,1789341.0
2022-01-23,540351.6,CT,2709918.0,1220847.2857142857
2022-01-23,540351.6,DC,488889.5714285714,153135.2857142857
2022-01-23,540351.6,DE,638276.5714285715,250428.0
2022-01-23,540351.6,FL,13858668.285714285,4973460.571428572
2022-01-23,540351.6,GA,5549631.0,1782383.7142857143
2022-01-23,540351.6,GU,129144.71428571429,39154.0
2022-01-23,540351.6,AK,422707.28571428574,160830.0
2022-01-23,540351.6,IA,1890627.142857143,919457.7142857143
2022-01-23,540351.6,MN,3753733.285714286,1946213.142857143
2022-01-23,540351.6,MI,5770263.0,2700857.4285714286
2022-01-23,540351.6,ME,1035767.8571428572,520571.71428571426
2022-01-23,540351.6,MP,41646.142857142855,16094.57142857143
2022-01-23,540351.6,MA,5224783.285714285,2373040.714285714
2022-01-23,540351.6,MD,4350617.428571428,1917773.4285714286
2022-01-23,540351.6,KY,2467261.0,986476.1428571428
2022-01-23,540351.6,KS,1701482.142857143,648723.5714285715
2022-01-23,540351.6,IN,3557393.8571428573,1458590.2857142857
2022-01-23,540351.6,IL,8296465.428571428,3725711.4285714286
2022-01-23,540351.6,ID,845980.1428571428,354484.71428571426
2022-01-23,540351.6,LA,2384764.0,841848.0
2022-01-30,532827.3,OR,2855615.0,1360284.5714285714
2022-01-30,532827.3,OK,2175870.8571428573,756397.0
2022-01-30,532827.3,OH,6618719.857142857,3226184.8571428573
2022-01-30,532827.3,NY,14373533.142857144,5765745.857142857
2022-01-30,532827.3,ND,410598.5714285714,161633.14285714287
2022-01-30,532827.3,NM,1429251.5714285714,647467.7142857143
2022-01-30,532827.3,NJ,6430626.857142857,2669765.285714286
2022-01-30,532827.3,NH,933271.5714285715,176608.85714285713
2022-01-30,532827.3,NE,1187541.2857142857,548770.5714285715
2022-01-30,532827.3,PA,8392624.42857143,3299246.4285714286
2022-01-30,532827.3,NV,1795071.2857142857,629938.4285714285
2022-01-30,532827.3,PR,2524088.285714286,1002835.7142857143
2022-01-30,532827.3,VA,6012687.285714285,2560919.714285714
2022-01-30,532827.3,SC,2819583.8571428573,1028294.5714285715
2022-01-30,532827.3,SD,519527.14285714284,199532.42857142858
2022-01-30,532827.3,TN,3592362.8571428573,1433444.0
2022-01-30,532827.3,TX,17003625.0,5747963.142857143
2022-01-30,532827.3,UT,1940349.142857143,707017.5714285715
2022-01-30,532827.3,VI,55076.42857142857,14749.42857142857
2022-01-30,532827.3,VT,494460.0,279405.14285714284
2022-01-30,532827.3,WA,5315670.0,2452840.4285714286
2022-01-30,532827.3,WI,3691204.0,1915831.0
2022-01-30,532827.3,WV,1004775.0,424064.28571428574
2022-01-30,532827.3,WY,287765.85714285716,114713.85714285714
2022-01-30,532827.3,NC,6110141.285714285,1447671.5714285714
2022-01-30,532827.3,RI,833588.0,409659.0
2022-01-30,532827.3,MT,589520.2857142857,260989.14285714287
2022-01-30,532827.3,MS,1485723.0,505520.0
2022-01-30,532827.3,AK,426192.28571428574,166331.0
2022-01-30,532827.3,MP,41925.0,16859.571428571428
2022-01-30,532827.3,AL,2418541.0,789220.5714285715
2022-01-30,532827.3,AR,1586317.0,568249.5714285715
2022-01-30,532827.3,AS,36932.28571428572,4918.714285714285
2022-01-30,532827.3,AZ,4267497.428571428,1564110.142857143
2022-01-30,532827.3,CA,27158796.85714286,11749803.285714285
2022-01-30,532827.3,CO,3918744.4285714286,1854058.5714285714
2022-01-30,532827.3,DC,492648.5714285714,158938.7142857143
2022-01-30,532827.3,DE,643148.2857142857,263214.5714285714
2022-01-30,532827.3,FL,13944408.57142857,5122560.142857143
2022-01-30,532827.3,GA,5596231.0,1854053.4285714286
2022-01-30,532827.3,GU,130248.14285714286,41933.142857142855
2022-01-30,532827.3,HI,0.0,0.0
2022-01-30,532827.3,CT,2723394.8571428573,1259719.857142857
2022-01-30,532827.3,ID,919579.1428571428,364788.85714285716
2022-01-30,532827.3,IA,1900240.142857143,942992.4285714285
2022-01-30,532827.3,MN,3773041.285714286,2012566.5714285714
2022-01-30,532827.3,MI,5797877.714285715,2776103.8571428573
2022-01-30,532827.3,ME,1040473.5714285715,537170.2857142857
2022-01-30,532827.3,MD,4376900.142857143,1994612.142857143
2022-01-30,532827.3,MA,5254082.0,2463803.8571428573
2022-01-30,532827.3,MO,3328100.1428571427,1295391.857142857
2022-01-30,532827.3,KY,2481522.1428571427,1015690.8571428572
2022-01-30,532827.3,KS,1715888.5714285714,672741.4285714285
2022-01-30,532827.3,IN,3573607.8571428573,1506646.7142857143
2022-01-30,532827.3,IL,8351727.0,3885494.8571428573
2022-01-30,532827.3,LA,2400373.714285714,865407.2857142857
2022-02-06,530293.7,PA,8442218.142857144,3374959.0
2022-02-06,530293.7,OR,2866578.1428571427,1406302.7142857143
2022-02-06,530293.7,OK,2186758.285714286,772522.7142857143
2022-02-06,530293.7,OH,6652976.285714285,3286314.5714285714
2022-02-06,530293.7,NY,14460203.42857143,5945273.0
2022-02-06,530293.7,NV,1806234.0,646716.4285714285
2022-02-06,530293.7,NH,937304.7142857143,183219.14285714287
2022-02-06,530293.7,NJ,6483783.428571428,2762998.714285714
2022-02-06,530293.7,NE,1193155.7142857143,560395.4285714285
2022-02-06,530293.7,ND,411727.28571428574,163773.85714285713
2022-02-06,530293.7,NC,6142073.714285715,1484115.2857142857
2022-02-06,530293.7,NM,1436410.0,663643.1428571428
2022-02-06,530293.7,PR,2545354.714285714,1129632.4285714286
2022-02-06,530293.7,MT,591489.4285714285,265997.5714285714
2022-02-06,530293.7,SC,2833913.0,1050176.857142857
2022-02-06,530293.7,SD,522217.71428571426,203704.0
2022-02-06,530293.7,TN,3608540.5714285714,1466635.7142857143
2022-02-06,530293.7,TX,17114669.85714286,5900078.857142857
2022-02-06,530293.7,UT,1951814.7142857143,743201.4285714285
2022-02-06,530293.7,VA,6035962.857142857,2614420.4285714286
2022-02-06,530293.7,VI,55346.71428571428,15081.142857142857
2022-02-06,530293.7,VT,496050.85714285716,284000.28571428574
2022-02-06,530293.7,WA,5340548.0,2547085.714285714
2022-02-06,530293.7,WI,3710495.714285714,1961230.4285714286
2022-02-06,530293.7,WV,1008115.8571428572,432077.4285714286
2022-02-06,530293.7,WY,288973.14285714284,117198.71428571429
2022-02-06,530293.7,RI,839320.2857142857,419153.85714285716
2022-02-06,530293.7,MS,1494372.5714285714,517739.85714285716
2022-02-06,530293.7,AK,432936.4285714286,172739.7142857143
2022-02-06,530293.7,MO,3342798.4285714286,1327394.142857143
2022-02-06,530293.7,MP,42149.142857142855,17385.0
2022-02-06,530293.7,AL,2429666.4285714286,806201.0
2022-02-06,530293.7,AR,1593444.142857143,580805.4285714285
2022-02-06,530293.7,AS,37453.0,5151.857142857143
2022-02-06,530293.7,AZ,4293455.571428572,1620096.857142857
2022-02-06,530293.7,CA,27358127.714285713,12538656.42857143
2022-02-06,530293.7,CO,3935170.4285714286,1897745.2857142857
2022-02-06,530293.7,DC,495442.14285714284,163596.0
2022-02-06,530293.7,DE,646661.2857142857,271943.85714285716
2022-02-06,530293.7,FL,14004326.142857144,5218428.714285715
2022-02-06,530293.7,GA,5626018.0,1896775.857142857
2022-02-06,530293.7,GU,131353.2857142857,44818.0
2022-02-06,530293.7,CT,2736331.5714285714,1293039.857142857
2022-02-06,530293.7,IA,1908268.2857142857,960019.7142857143
2022-02-06,530293.7,MN,3789685.8571428573,2056924.4285714286
2022-02-06,530293.7,HI,0.0,0.0
2022-02-06,530293.7,MI,5824689.714285715,2839147.4285714286
2022-02-06,530293.7,ME,1043497.4285714285,545609.0
2022-02-06,530293.7,MD,4401576.857142857,2052665.5714285714
2022-02-06,530293.7,LA,2412893.714285714,884889.1428571428
2022-02-06,530293.7,MA,5277617.857142857,2523301.714285714
2022-02-06,530293.7,KS,1725564.0,688588.8571428572
2022-02-06,530293.7,IN,3590939.0,1539754.0
2022-02-06,530293.7,IL,8413574.142857144,4007550.4285714286
2022-02-06,530293.7,ID,935225.2857142857,372081.0
2022-02-06,530293.7,KY,2491944.4285714286,1037154.1428571428
2022-02-13,525369.6,NY,14542660.857142856,6095829.714285715
2022-02-13,525369.6,OR,2876268.4285714286,1436703.857142857
2022-02-13,525369.6,OK,2195656.0,781835.7142857143
2022-02-13,525369.6,OH,6679080.285714285,3318941.5714285714
2022-02-13,525369.6,NV,1816651.7142857143,659689.2857142857
2022-02-13,525369.6,NC,6171124.857142857,1514284.142857143
2022-02-13,525369.6,NJ,6529442.0,2837451.0
2022-02-13,525369.6,NH,941416.7142857143,189190.85714285713
2022-02-13,525369.6,NE,1198734.857142857,569014.2857142857
2022-02-13,525369.6,ND,412751.4285714286,165105.0
2022-02-13,525369.6,PA,8488895.57142857,3427516.0
2022-02-13,525369.6,NM,1443797.142857143,675371.2857142857
2022-02-13,525369.6,PR,2562102.4285714286,1215848.4285714286
2022-02-13,525369.6,WY,290160.71428571426,118760.28571428571
2022-02-13,525369.6,SC,2845441.5714285714,1067030.7142857143
2022-02-13,525369.6,SD,524827.5714285715,206902.85714285713
2022-02-13,525369.6,TN,3621713.4285714286,1489384.2857142857
2022-02-13,525369.6,TX,17205981.42857143,6010312.285714285
2022-02-13,525369.6,UT,1992514.0,811686.5714285715
2022-02-13,525369.6,VA,6074425.714285715,2695142.285714286
2022-02-13,525369.6,VI,55558.57142857143,15347.57142857143
2022-02-13,525369.6,VT,497475.71428571426,287066.85714285716
2022-02-13,525369.6,WA,5363444.857142857,2611157.1428571427
2022-02-13,525369.6,WI,3728509.4285714286,1993849.142857143
2022-02-13,525369.6,WV,1011297.1428571428,438331.5714285714
2022-02-13,525369.6,MT,593456.8571428572,269923.0
2022-02-13,525369.6,RI,844244.8571428572,425076.14285714284
2022-02-13,525369.6,MS,1501505.857142857,526642.5714285715
2022-02-13,525369.6,MP,42377.28571428572,18043.85714285714
2022-02-13,525369.6,MO,3354161.714285714,1342204.7142857143
2022-02-13,525369.6,AL,2440578.285714286,819149.2857142857
2022-02-13,525369.6,AR,1600025.857142857,590804.0
2022-02-13,525369.6,AS,37845.57142857143,5480.0
2022-02-13,525369.6,AZ,4322319.285714285,1662425.142857143
2022-02-13,525369.6,CA,27504937.714285713,12852767.42857143
2022-02-13,525369.6,CO,3953513.714285714,1932312.7142857143
2022-02-13,525369.6,CT,2750688.5714285714,1324135.2857142857
2022-02-13,525369.6,DC,498218.28571428574,167296.7142857143
2022-02-13,525369.6,DE,650462.4285714285,278625.14285714284
2022-02-13,525369.6,FL,14058102.0,5294895.285714285
2022-02-13,525369.6,GA,5651790.0,1927547.2857142857
2022-02-13,525369.6,GU,132452.85714285713,47656.0
2022-02-13,525369.6,AK,438174.5714285714,177599.0
2022-02-13,525369.6,IA,1914504.4285714286,972959.5714285715
2022-02-13,525369.6,MN,3809310.5714285714,2093415.857142857
2022-02-13,525369.6,MI,5856098.428571428,2906075.5714285714
2022-02-13,525369.6,ME,1046945.1428571428,552395.2857142857
2022-02-13,525369.6,HI,0.0,0.0
2022-02-13,525369.6,MA,5302143.285714285,2562783.285714286
2022-02-13,525369.6,MD,4426528.142857143,2098880.5714285714
2022-02-13,525369.6,KY,2501056.5714285714,1049746.4285714286
2022-02-13,525369.6,KS,1734145.0,700371.1428571428
2022-02-13,525369.6,IN,3606092.1428571427,1558533.7142857143
2022-02-13,525369.6,IL,8450751.42857143,4070851.714285714
2022-02-13,525369.6,ID,939056.4285714285,377686.5714285714
2022-02-13,525369.6,LA,2424833.1428571427,902095.1428571428
2022-02-20,518017.6,OK,2206518.0,792021.7142857143
2022-02-20,518017.6,OH,6704560.142857143,3351592.285714286
2022-02-20,518017.6,NY,14612081.285714285,6249179.714285715
2022-02-20,518017.6,NV,1827634.7142857143,670771.1428571428
2022-02-20,518017.6,NC,6194461.428571428,1538326.7142857143
2022-02-20,518017.6,NJ,6559949.428571428,2892463.1428571427
2022-02-20,518017.6,NH,945417.1428571428,194629.14285714287
2022-02-20,518017.6,NE,1203152.857142857,575145.1428571428
2022-02-20,518017.6,ND,413761.71428571426,165988.2857142857
2022-02-20,518017.6,OR,2885795.8571428573,1460014.2857142857
2022-02-20,518017.6,NM,1451645.4285714286,686567.5714285715
2022-02-20,518017.6,PA,8526290.142857144,3470304.285714286
2022-02-20,518017.6,UT,2019452.5714285714,853796.7142857143
2022-02-20,518017.6,RI,849427.8571428572,431669.0
2022-02-20,518017.6,SC,2856161.4285714286,1079779.4285714286
2022-02-20,518017.6,SD,527064.4285714285,209145.57142857142
2022-02-20,518017.6,TN,3637502.4285714286,1515065.0
2022-02-20,518017.6,TX,17294599.85714286,6109061.285714285
2022-02-20,518017.6,VA,6114030.571428572,2763567.8571428573
2022-02-20,518017.6,VI,55756.857142857145,15578.57142857143
2022-02-20,518017.6,VT,498852.85714285716,289711.4285714286
2022-02-20,518017.6,WA,5400233.0,2660587.1428571427
2022-02-20,518017.6,WI,3743073.1428571427,2016714.2857142857
2022-02-20,518017.6,WV,1014112.4285714285,443562.0
2022-02-20,518017.6,MT,595368.0,272997.85714285716
2022-02-20,518017.6,PR,2579038.0,1282063.7142857143
2022-02-20,518017.6,MS,1507551.2857142857,533870.0
2022-02-20,518017.6,WY,291536.14285714284,120305.57142857143
2022-02-20,518017.6,MO,3367576.285714286,1360225.857142857
2022-02-20,518017.6,AK,442205.0,179945.14285714287
2022-02-20,518017.6,AL,2450944.0,829941.2857142857
2022-02-20,518017.6,AR,1606831.5714285714,599010.4285714285
2022-02-20,518017.6,AS,38024.28571428572,5841.142857142857
2022-02-20,518017.6,AZ,4345415.857142857,1693131.7142857143
2022-02-20,518017.6,CA,27651541.0,13082355.57142857
2022-02-20,518017.6,CO,3968711.0,1959662.0
2022-02-20,518017.6,CT,2761852.5714285714,1345994.4285714286
2022-02-20,518017.6,DC,501026.5714285714,170834.2857142857
2022-02-20,518017.6,DE,653713.0,282918.5714285714
2022-02-20,518017.6,FL,14104762.57142857,5355658.857142857
2022-02-20,518017.6,GA,5668617.0,1956328.7142857143
2022-02-20,518017.6,GU,133630.57142857142,49860.28571428572
2022-02-20,518017.6,MP,42556.28571428572,18482.714285714286
2022-02-20,518017.6,IA,1920578.0,983168.4285714285
2022-02-20,518017.6,HI,0.0,0.0
2022-02-20,518017.6,MN,3825008.4285714286,2117667.8571428573
2022-02-20,518017.6,MI,5882736.142857143,2969562.8571428573
2022-02-20,518017.6,ME,1050329.857142857,558713.8571428572
2022-02-20,518017.6,MA,5327636.142857143,2600691.714285714
2022-02-20,518017.6,MD,4449692.142857143,2136349.714285714
2022-02-20,518017.6,KY,2511308.0,1063000.857142857
2022-02-20,518017.6,KS,1742504.4285714286,710305.8571428572
2022-02-20,518017.6,IN,3622101.714285714,1577837.7142857143
2022-02-20,518017.6,IL,8492745.0,4132207.714285714
2022-02-20,518017.6,ID,943540.7142857143,381967.4285714286
2022-02-20,518017.6,LA,2433415.0,912632.2857142857
2022-02-27,513281.5,NV,1835726.4285714286,678434.7142857143
2022-02-27,513281.5,OK,2214336.5714285714,799655.4285714285
2022-02-27,513281.5,OH,6724465.714285715,3380225.8571428573
2022-02-27,513281.5,NY,14667145.857142856,6396057.0
2022-02-27,513281.5,NM,1457732.4285714286,695324.8571428572
2022-02-27,513281.5,MT,597108.5714285715,275368.28571428574
2022-02-27,513281.5,NH,937474.2857142857,197729.85714285713
2022-02-27,513281.5,NE,1207035.4285714286,580512.4285714285
2022-02-27,513281.5,ND,414558.85714285716,166585.7142857143
2022-02-27,513281.5,NC,6215064.428571428,1558073.857142857
2022-02-27,513281.5,OR,2892995.4285714286,1475882.142857143
2022-02-27,513281.5,NJ,6583798.0,2945681.285714286
2022-02-27,513281.5,PA,8558569.857142856,3511131.5714285714
2022-02-27,513281.5,TX,17373992.714285713,6189158.0
2022-02-27,513281.5,RI,853164.7142857143,436746.85714285716
2022-02-27,513281.5,SC,2871068.5714285714,1095022.857142857
2022-02-27,513281.5,SD,528828.1428571428,210895.7142857143
2022-02-27,513281.5,TN,3653592.1428571427,1539008.857142857
2022-02-27,513281.5,UT,2025764.0,863135.1428571428
2022-02-27,513281.5,VA,6135648.571428572,2791549.0
2022-02-27,513281.5,VI,55892.57142857143,15737.714285714286
2022-02-27,513281.5,VT,499688.71428571426,291713.4285714286
2022-02-27,513281.5,WA,5429871.428571428,2698843.8571428573
2022-02-27,513281.5,WI,3754032.0,2033892.5714285714
2022-02-27,513281.5,WV,1016298.5714285715,447313.85714285716
2022-02-27,513281.5,MS,1512867.2857142857,539650.8571428572
2022-02-27,513281.5,PR,2593956.5714285714,1337612.4285714286
2022-02-27,513281.5,WY,292470.85714285716,121374.57142857143
2022-02-27,513281.5,MP,42726.28571428572,18870.285714285714
2022-02-27,513281.5,MN,3838727.5714285714,2136142.1428571427
2022-02-27,513281.5,MO,3377608.0,1374096.5714285714
2022-02-27,513281.5,AK,445414.28571428574,181742.57142857142
2022-02-27,513281.5,AL,2459583.8571428573,839875.0
2022-02-27,513281.5,AR,1612314.0,606589.1428571428
2022-02-27,513281.5,AS,38180.71428571428,6361.142857142857
2022-02-27,513281.5,AZ,4365222.0,1717738.142857143
2022-02-27,513281.5,CA,27778124.285714287,13275554.42857143
2022-02-27,513281.5,CT,2770262.1428571427,1363389.4285714286
2022-02-27,513281.5,DC,503466.5714285714,173730.0
2022-02-27,513281.5,DE,656840.1428571428,286474.4285714286
2022-02-27,513281.5,FL,14143025.42857143,5404979.142857143
2022-02-27,513281.5,GA,5684421.0,1982326.0
2022-02-27,513281.5,CO,3981024.0,1980532.2857142857
2022-02-27,513281.5,HI,0.0,0.0
2022-02-27,513281.5,GU,134714.14285714287,51890.142857142855
2022-02-27,513281.5,ME,1052455.5714285714,563328.0
2022-02-27,513281.5,MD,4468475.571428572,2163717.0
2022-02-27,513281.5,MA,5344231.714285715,2630296.714285714
2022-02-27,513281.5,LA,2439410.8571428573,920421.4285714285
2022-02-27,513281.5,KY,2518740.285714286,1073154.5714285714
2022-02-27,513281.5,MI,5906098.714285715,3027826.8571428573
2022-02-27,513281.5,IN,3633065.285714286,1592996.5714285714
2022-02-27,513281.5,IL,8530157.285714285,4176165.285714286
2022-02-27,513281.5,ID,947366.8571428572,385337.14285714284
2022-02-27,513281.5,IA,1925653.142857143,991100.8571428572
2022-02-27,513281.5,KS,1748581.2857142857,717476.2857142857
2022-03-06,509419.8,OR,2899865.8571428573,1491946.5714285714
2022-03-06,509419.8,OK,2219386.1428571427,805214.7142857143
2022-03-06,509419.8,OH,6740689.428571428,3405220.8571428573
2022-03-06,509419.8,NY,14709654.142857144,6485185.571428572
2022-03-06,509419.8,NV,1841247.142857143,684907.4285714285
2022-03-06,509419.8,NH,935628.2857142857,214895.42857142858
2022-03-06,509419.8,NJ,6604569.285714285,2995783.5714285714
2022-03-06,509419.8,NE,1210096.7142857143,584888.0
2022-03-06,509419.8,ND,415168.4285714286,167026.14285714287
2022-03-06,509419.8,NC,6231685.0,1575561.2857142857
2022-03-06,509419.8,NM,1462468.0,702430.5714285715
2022-03-06,509419.8,PA,8589062.285714285,3544237.0
2022-03-06,509419.8,MT,598577.1428571428,277173.85714285716
2022-03-06,509419.8,SC,2881580.1428571427,1108418.2857142857
2022-03-06,509419.8,SD,530590.2857142857,212585.85714285713
2022-03-06,509419.8,TN,3663778.0,1552349.0
2022-03-06,509419.8,TX,17443391.285714287,6256162.142857143
2022-03-06,509419.8,UT,2029629.4285714286,869006.1428571428
2022-03-06,509419.8,VA,6151822.571428572,2815982.285714286
2022-03-06,509419.8,VI,56008.857142857145,15887.57142857143
2022-03-06,509419.8,VT,500501.85714285716,293364.85714285716
2022-03-06,509419.8,WA,5446516.428571428,2732388.8571428573
2022-03-06,509419.8,WI,3765122.8571428573,2051906.142857143
2022-03-06,509419.8,WV,1018446.7142857143,451092.0
2022-03-06,509419.8,WY,293244.28571428574,122280.28571428571
2022-03-06,509419.8,RI,855755.8571428572,441124.4285714286
2022-03-06,509419.8,MS,1517574.5714285714,545034.2857142857
2022-03-06,509419.8,PR,2604843.1428571427,1380040.2857142857
2022-03-06,509419.8,MO,3386125.714285714,1386922.7142857143
2022-03-06,509419.8,AL,2466236.1428571427,847629.5714285715
2022-03-06,509419.8,AR,1615711.4285714286,611685.0
2022-03-06,509419.8,AS,38490.71428571428,8432.142857142857
2022-03-06,509419.8,AZ,4381884.857142857,1739276.4285714286
2022-03-06,509419.8,CA,27868159.85714286,13484348.857142856
2022-03-06,509419.8,CO,3989922.4285714286,1996361.0
2022-03-06,509419.8,CT,2776428.4285714286,1378001.142857143
2022-03-06,509419.8,DC,505769.85714285716,176807.14285714287
2022-03-06,509419.8,DE,659101.0,288839.71428571426
2022-03-06,509419.8,FL,14178165.142857144,5456311.714285715
2022-03-06,509419.8,GA,5702213.285714285,2004910.0
2022-03-06,509419.8,GU,135552.7142857143,53681.42857142857
2022-03-06,509419.8,MP,42931.71428571428,19299.714285714286
2022-03-06,509419.8,AK,446479.85714285716,183379.0
2022-03-06,509419.8,IA,1930008.2857142857,997819.8571428572
2022-03-06,509419.8,HI,0.0,0.0
2022-03-06,509419.8,MN,3852643.5714285714,2154254.285714286
2022-03-06,509419.8,MI,5923772.428571428,3090125.1428571427
2022-03-06,509419.8,ME,1054094.857142857,567141.8571428572
2022-03-06,509419.8,MA,5354655.0,2654998.5714285714
2022-03-06,509419.8,MD,4483960.428571428,2190293.8571428573
2022-03-06,509419.8,KY,2523365.0,1079595.7142857143
2022-03-06,509419.8,KS,1755768.2857142857,724759.1428571428
2022-03-06,509419.8,IN,3642432.0,1608473.142857143
2022-03-06,509419.8,IL,8563312.57142857,4216932.0
2022-03-06,509419.8,ID,950663.5714285715,388574.4285714286
2022-03-06,509419.8,LA,2445986.4285714286,929205.4285714285
2022-03-13,502907.7,NY,14743698.57142857,6535668.285714285
2022-03-13,502907.7,OR,2904759.0,1502973.4285714286
2022-03-13,502907.7,OK,2224882.4285714286,811252.2857142857
2022-03-13,502907.7,OH,6753979.714285715,3425516.0
2022-03-13,502907.7,NV,1846040.0,690192.5714285715
2022-03-13,502907.7,NC,6246551.571428572,1594069.857142857
2022-03-13,502907.7,NJ,6621077.571428572,3024632.4285714286
2022-03-13,502907.7,NH,944103.2857142857,250724.0
2022-03-13,502907.7,NE,1212307.142857143,587777.8571428572
2022-03-13,502907.7,ND,415496.5714285714,167240.14285714287
2022-03-13,502907.7,PA,8605974.714285715,3561436.0
2022-03-13,502907.7,NM,1466257.2857142857,708134.7142857143
2022-03-13,502907.7,PR,2612476.8571428573,1410332.5714285714
2022-03-13,502907.7,UT,2032421.4285714286,873368.4285714285
2022-03-13,502907.7,SC,2894401.714285714,1118342.5714285714
2022-03-13,502907.7,SD,532051.5714285715,214049.2857142857
2022-03-13,502907.7,TN,3671682.8571428573,1564277.5714285714
2022-03-13,502907.7,TX,17487375.0,6310466.0
2022-03-13,502907.7,VA,6164350.0,2835062.285714286
2022-03-13,502907.7,VI,56142.0,16005.142857142857
2022-03-13,502907.7,VT,501541.4285714286,295245.85714285716
2022-03-13,502907.7,WA,5459092.571428572,2757266.8571428573
2022-03-13,502907.7,WI,3773036.8571428573,2066808.4285714286
2022-03-13,502907.7,WV,1020336.1428571428,453988.4285714286
2022-03-13,502907.7,WY,293845.28571428574,123026.71428571429
2022-03-13,502907.7,MT,599705.1428571428,278892.28571428574
2022-03-13,502907.7,RI,858208.8571428572,444868.5714285714
2022-03-13,502907.7,MS,1521754.4285714286,549249.8571428572
2022-03-13,502907.7,MP,43024.71428571428,19619.285714285714
2022-03-13,502907.7,MO,3394837.8571428573,1398691.2857142857
2022-03-13,502907.7,AK,448655.85714285716,186931.85714285713
2022-03-13,502907.7,AL,2471650.0,853595.1428571428
2022-03-13,502907.7,AR,1620086.0,617610.1428571428
2022-03-13,502907.7,AS,39012.71428571428,11844.857142857143
2022-03-13,502907.7,AZ,4394968.0,1756585.0
2022-03-13,502907.7,CA,27942826.714285713,13638399.57142857
2022-03-13,502907.7,CO,3998276.5714285714,2011147.142857143
2022-03-13,502907.7,DC,507504.0,179052.57142857142
2022-03-13,502907.7,DE,661296.7142857143,291241.0
2022-03-13,502907.7,FL,14206332.285714285,5498332.571428572
2022-03-13,502907.7,GA,5719445.142857143,2027065.0
2022-03-13,502907.7,GU,136181.14285714287,55217.71428571428
2022-03-13,502907.7,CT,2782224.285714286,1391815.0
2022-03-13,502907.7,IA,1933552.857142857,1003317.5714285715
2022-03-13,502907.7,HI,0.0,0.0
2022-03-13,502907.7,MI,5942825.428571428,3149077.285714286
2022-03-13,502907.7,ME,1055650.7142857143,570682.2857142857
2022-03-13,502907.7,MD,4493388.0,2209243.8571428573
2022-03-13,502907.7,MA,5366280.857142857,2674385.4285714286
2022-03-13,502907.7,LA,2454204.285714286,938182.2857142857
2022-03-13,502907.7,MN,3861067.5714285714,2167820.0
2022-03-13,502907.7,KS,1762727.2857142857,732220.7142857143
2022-03-13,502907.7,IN,3650766.8571428573,1620285.7142857143
2022-03-13,502907.7,IL,8590407.57142857,4250007.0
2022-03-13,502907.7,ID,952661.8571428572,391085.14285714284
2022-03-13,502907.7,KY,2531181.5714285714,1090580.7142857143
2022-03-20,503755.7,PA,8623754.285714285,3582663.8571428573
2022-03-20,503755.7,OR,2909850.8571428573,1514022.5714285714
2022-03-20,503755.7,OK,2230047.1428571427,816454.8571428572
2022-03-20,503755.7,OH,6766073.285714285,3442452.285714286
2022-03-20,503755.7,NY,14771471.57142857,6573318.714285715
2022-03-20,503755.7,NV,1849814.7142857143,694893.7142857143
2022-03-20,503755.7,NH,944487.0,284058.28571428574
2022-03-20,503755.7,NJ,6634271.428571428,3046233.5714285714
2022-03-20,503755.7,NE,1214519.2857142857,590939.1428571428
2022-03-20,503755.7,ND,415806.28571428574,167457.42857142858
2022-03-20,503755.7,NC,6260531.714285715,1610197.2857142857
2022-03-20,503755.7,NM,1469410.4285714286,712669.2857142857
2022-03-20,503755.7,WY,294421.85714285716,123802.85714285714
2022-03-20,503755.7,WV,1022043.2857142857,456397.71428571426
2022-03-20,503755.7,RI,860463.5714285715,448095.0
2022-03-20,503755.7,SC,2902782.4285714286,1126270.2857142857
2022-03-20,503755.7,SD,533231.0,215569.42857142858
2022-03-20,503755.7,TN,3677986.285714286,1573798.7142857143
2022-03-20,503755.7,TX,17541255.42857143,6365610.857142857
2022-03-20,503755.7,UT,2037991.857142857,882020.5714285715
2022-03-20,503755.7,VA,6174655.428571428,2852630.285714286
2022-03-20,503755.7,VI,56263.42857142857,16092.285714285714
2022-03-20,503755.7,VT,501999.4285714286,296532.14285714284
2022-03-20,503755.7,WA,5469323.0,2777651.4285714286
2022-03-20,503755.7,WI,3779527.0,2079837.142857143
2022-03-20,503755.7,MT,600637.8571428572,280227.71428571426
2022-03-20,503755.7,PR,2616067.714285714,1432811.857142857
2022-03-20,503755.7,MS,1525786.2857142857,553008.5714285715
2022-03-20,503755.7,HI,0.0,0.0
2022-03-20,503755.7,MO,3401295.714285714,1407349.857142857
2022-03-20,503755.7,MP,43065.142857142855,19833.571428571428
2022-03-20,503755.7,AK,449471.71428571426,188266.2857142857
2022-03-20,503755.7,AL,2476888.8571428573,858973.5714285715
2022-03-20,503755.7,AR,1623445.0,621891.7142857143
2022-03-20,503755.7,AS,39681.57142857143,15946.285714285714
2022-03-20,503755.7,AZ,4406575.428571428,1772200.0
2022-03-20,503755.7,CA,28008997.714285713,13746259.0
2022-03-20,503755.7,CT,2787047.1428571427,1403853.4285714286
2022-03-20,503755.7,DC,508873.5714285714,181307.57142857142
2022-03-20,503755.7,DE,662889.4285714285,292892.85714285716
2022-03-20,503755.7,FL,14229852.142857144,5531857.285714285
2022-03-20,503755.7,GA,5734458.857142857,2044447.7142857143
2022-03-20,503755.7,CO,4005370.4285714286,2023141.142857143
2022-03-20,503755.7,IA,1936607.2857142857,1007945.0
2022-03-20,503755.7,GU,137189.7142857143,57115.28571428572
2022-03-20,503755.7,MI,5951689.428571428,3164030.285714286
2022-03-20,503755.7,ME,1056717.0,573800.1428571428
2022-03-20,503755.7,MD,4501251.857142857,2223962.285714286
2022-03-20,503755.7,LA,2462316.8571428573,946562.0
2022-03-20,503755.7,MA,5375025.857142857,2689416.285714286
2022-03-20,503755.7,MN,3866940.285714286,2178341.8571428573
2022-03-20,503755.7,KS,1766249.0,737440.1428571428
2022-03-20,503755.7,IN,3658093.4285714286,1631029.7142857143
2022-03-20,503755.7,IL,8608010.714285715,4279536.285714285
2022-03-20,503755.7,ID,954766.7142857143,393212.5714285714
2022-03-20,503755.7,KY,2537413.714285714,1098556.4285714286
2022-03-27,499361.8,NV,1852903.0,699408.5714285715
2022-03-27,499361.8,OH,6776187.142857143,3458892.0
2022-03-27,499361.8,NY,14796459.0,6611726.714285715
2022-03-27,499361.8,NM,1472225.857142857,716913.2857142857
2022-03-27,499361.8,MT,601801.2857142857,281960.85714285716
2022-03-27,499361.8,NH,925260.4285714285,300164.71428571426
2022-03-27,499361.8,NE,1216363.4285714286,593931.1428571428
2022-03-27,499361.8,ND,416110.71428571426,167697.42857142858
2022-03-27,499361.8,NC,6270224.0,1621209.857142857
2022-03-27,499361.8,OK,2234428.8571428573,821756.2857142857
2022-03-27,499361.8,NJ,6645518.0,3066627.285714286
2022-03-27,499361.8,OR,2913537.4285714286,1522806.857142857
2022-03-27,499361.8,WI,3784636.285714286,2090079.142857143
2022-03-27,499361.8,PR,2619448.285714286,1449878.142857143
2022-03-27,499361.8,RI,862373.5714285715,451291.4285714286
2022-03-27,499361.8,SC,2906333.8571428573,1130879.142857143
2022-03-27,499361.8,SD,534174.7142857143,217014.0
2022-03-27,499361.8,TN,3683548.0,1583153.857142857
2022-03-27,499361.8,TX,17584386.714285713,6423110.285714285
2022-03-27,499361.8,UT,2041847.4285714286,888254.8571428572
2022-03-27,499361.8,VA,6183903.714285715,2869057.4285714286
2022-03-27,499361.8,VI,56373.28571428572,16168.285714285714
2022-03-27,499361.8,VT,502241.4285714286,297648.0
2022-03-27,499361.8,WA,5478629.285714285,2797926.285714286
2022-03-27,499361.8,MS,1529154.2857142857,557077.1428571428
2022-03-27,499361.8,PA,8639729.285714285,3604564.285714286
2022-03-27,499361.8,MP,43109.28571428572,20098.571428571428
2022-03-27,499361.8,IA,1939162.0,1012438.8571428572
2022-03-27,499361.8,MN,3872021.1428571427,2188409.714285714
2022-03-27,499361.8,WV,1023306.8571428572,458715.4285714286
2022-03-27,499361.8,AK,450454.14285714284,189695.0
2022-03-27,499361.8,AL,2480357.8571428573,863100.1428571428
2022-03-27,499361.8,AR,1626331.857142857,626040.8571428572
2022-03-27,499361.8,AS,40035.42857142857,17705.14285714286
2022-03-27,499361.8,AZ,4423244.571428572,1789540.7142857143
2022-03-27,499361.8,CA,28058376.714285713,13846880.142857144
2022-03-27,499361.8,CO,4011448.4285714286,2034813.4285714286
2022-03-27,499361.8,CT,2791097.714285714,1413544.7142857143
2022-03-27,499361.8,DC,511999.28571428574,184217.42857142858
2022-03-27,499361.8,DE,664133.8571428572,294410.85714285716
2022-03-27,499361.8,FL,14251668.0,5565976.428571428
2022-03-27,499361.8,GA,5745550.714285715,2058872.857142857
2022-03-27,499361.8,GU,137947.0,58296.28571428572
2022-03-27,499361.8,HI,0.0,0.0
2022-03-27,499361.8,ID,956514.4285714285,395309.4285714286
2022-03-27,499361.8,IL,8627369.57142857,4311650.285714285
2022-03-27,499361.8,IN,3663997.285714286,1641311.5714285714
2022-03-27,499361.8,KS,1769126.0,741877.1428571428
2022-03-27,499361.8,KY,2541682.0,1104558.0
2022-03-27,499361.8,LA,2467956.714285714,953411.1428571428
2022-03-27,499361.8,MA,5380523.714285715,2703273.5714285714
2022-03-27,499361.8,MD,4510862.285714285,2239422.714285714
2022-03-27,499361.8,ME,1057697.0,576648.7142857143
2022-03-27,499361.8,MI,5959821.428571428,3179847.8571428573
2022-03-27,499361.8,MO,3406634.1428571427,1415613.7142857143
2022-03-27,499361.8,WY,295010.0,124684.42857142857
