date,state,inpatient_beds
2020-12-06T00:00:00.000,AK,673.9
2020-12-06T00:00:00.000,AL,10813.7
2020-12-06T00:00:00.000,AR,5519.2
2020-12-06T00:00:00.000,AZ,10454.0
2020-12-06T00:00:00.000,CA,47808.4
2020-12-06T00:00:00.000,CO,6981.1
2020-12-06T00:00:00.000,CT,6108.8
2020-12-06T00:00:00.000,DC,2437.1
2020-12-06T00:00:00.000,DE,1837.5
2020-12-06T00:00:00.000,FL,40039.6
2020-12-06T00:00:00.000,GA,14376.1
2020-12-06T00:00:00.000,GU,206.3
2020-12-06T00:00:00.000,HI,1709.5
2020-12-06T00:00:00.000,IA,4767.3
2020-12-06T00:00:00.000,ID,1867.0
2020-12-06T00:00:00.000,IL,20079.8
2020-12-06T00:00:00.000,IN,11402.2
2020-12-06T00:00:00.000,KS,4887.5
2020-12-06T00:00:00.000,KY,8068.5
2020-12-06T00:00:00.000,LA,8606.3
2020-12-06T00:00:00.000,MA,13267.2
2020-12-06T00:00:00.000,MD,8024.9
2020-12-06T00:00:00.000,ME,1946.2
2020-12-06T00:00:00.000,MI,16250.6
2020-12-06T00:00:00.000,MN,7203.3
2020-12-06T00:00:00.000,MO,11572.0
2020-12-06T00:00:00.000,MP,52.4
2020-12-06T00:00:00.000,MS,5311.5
2020-12-06T00:00:00.000,MT,1882.3
2020-12-06T00:00:00.000,NC,16457.7
2020-12-06T00:00:00.000,ND,1443.0
2020-12-06T00:00:00.000,NE,3193.4
2020-12-06T00:00:00.000,NH,1969.5
2020-12-06T00:00:00.000,NJ,14923.9
2020-12-06T00:00:00.000,NM,2682.0
2020-12-06T00:00:00.000,NV,5823.3
2020-12-06T00:00:00.000,NY,34637.8
2020-12-06T00:00:00.000,OH,21035.7
2020-12-06T00:00:00.000,OK,6493.5
2020-12-06T00:00:00.000,OR,4760.5
2020-12-06T00:00:00.000,PA,24976.4
2020-12-06T00:00:00.000,PR,4416.4
2020-12-06T00:00:00.000,RI,1758.4
2020-12-06T00:00:00.000,SC,7263.1
2020-12-06T00:00:00.000,SD,1497.2
2020-12-06T00:00:00.000,TN,12187.0
2020-12-06T00:00:00.000,TX,47703.0
2020-12-06T00:00:00.000,UT,3075.8
2020-12-06T00:00:00.000,VA,11902.0
2020-12-06T00:00:00.000,VI,90.5
2020-12-06T00:00:00.000,VT,668.6999999999999
2020-12-06T00:00:00.000,WA,8447.7
2020-12-06T00:00:00.000,WI,7928.0
2020-12-06T00:00:00.000,WV,3863.0
2020-12-06T00:00:00.000,WY,645.8
2020-12-13T00:00:00.000,AK,655.5
2020-12-13T00:00:00.000,AL,10795.2
2020-12-13T00:00:00.000,AR,5449.9
2020-12-13T00:00:00.000,AZ,10647.0
2020-12-13T00:00:00.000,CA,49044.0
2020-12-13T00:00:00.000,CO,6989.7
2020-12-13T00:00:00.000,CT,6029.8
2020-12-13T00:00:00.000,DC,2411.7
2020-12-13T00:00:00.000,DE,1811.1999999999998
2020-12-13T00:00:00.000,FL,40895.2
2020-12-13T00:00:00.000,GA,14721.800000000001
2020-12-13T00:00:00.000,GU,190.10000000000002
2020-12-13T00:00:00.000,HI,1702.4
2020-12-13T00:00:00.000,IA,4725.5
2020-12-13T00:00:00.000,ID,1903.6000000000001
2020-12-13T00:00:00.000,IL,20135.4
2020-12-13T00:00:00.000,IN,11260.0
2020-12-13T00:00:00.000,KS,4853.9
2020-12-13T00:00:00.000,KY,7362.3
2020-12-13T00:00:00.000,LA,8569.7
2020-12-13T00:00:00.000,MA,13082.0
2020-12-13T00:00:00.000,MD,7999.7
2020-12-13T00:00:00.000,ME,1947.4
2020-12-13T00:00:00.000,MI,16003.9
2020-12-13T00:00:00.000,MN,6978.7
2020-12-13T00:00:00.000,MO,11652.0
2020-12-13T00:00:00.000,MP,49.4
2020-12-13T00:00:00.000,MS,5272.7
2020-12-13T00:00:00.000,MT,1811.5
2020-12-13T00:00:00.000,NC,16615.6
2020-12-13T00:00:00.000,ND,1371.5
2020-12-13T00:00:00.000,NE,3120.9
2020-12-13T00:00:00.000,NH,1925.6
2020-12-13T00:00:00.000,NJ,14610.2
2020-12-13T00:00:00.000,NM,2668.5
2020-12-13T00:00:00.000,NV,5809.6
2020-12-13T00:00:00.000,NY,34369.3
2020-12-13T00:00:00.000,OH,20870.8
2020-12-13T00:00:00.000,OK,6646.900000000001
2020-12-13T00:00:00.000,OR,4752.7
2020-12-13T00:00:00.000,PA,24813.5
2020-12-13T00:00:00.000,PR,4485.1
2020-12-13T00:00:00.000,RI,1767.8
2020-12-13T00:00:00.000,SC,7281.0
2020-12-13T00:00:00.000,SD,1409.8999999999999
2020-12-13T00:00:00.000,TN,12387.8
2020-12-13T00:00:00.000,TX,47829.4
2020-12-13T00:00:00.000,UT,3127.2
2020-12-13T00:00:00.000,VA,11887.9
2020-12-13T00:00:00.000,VI,94.19999999999999
2020-12-13T00:00:00.000,VT,699.4000000000001
2020-12-13T00:00:00.000,WA,8584.7
2020-12-13T00:00:00.000,WI,7880.599999999999
2020-12-13T00:00:00.000,WV,3866.2
2020-12-13T00:00:00.000,WY,626.0
2020-12-20T00:00:00.000,AK,606.7
2020-12-20T00:00:00.000,AL,10027.8
2020-12-20T00:00:00.000,AR,4967.0
2020-12-20T00:00:00.000,AZ,10365.0
2020-12-20T00:00:00.000,CA,48897.9
2020-12-20T00:00:00.000,CO,6389.1
2020-12-20T00:00:00.000,CT,5774.9
2020-12-20T00:00:00.000,DC,2277.7999999999997
2020-12-20T00:00:00.000,DE,1700.7
2020-12-20T00:00:00.000,FL,38098.6
2020-12-20T00:00:00.000,GA,14142.6
2020-12-20T00:00:00.000,GU,181.3
2020-12-20T00:00:00.000,HI,1623.8
2020-12-20T00:00:00.000,IA,4281.1
2020-12-20T00:00:00.000,ID,1696.1
2020-12-20T00:00:00.000,IL,18721.9
2020-12-20T00:00:00.000,IN,10389.2
2020-12-20T00:00:00.000,KS,4408.2
2020-12-20T00:00:00.000,KY,6824.5
2020-12-20T00:00:00.000,LA,8045.8
2020-12-20T00:00:00.000,MA,12597.2
2020-12-20T00:00:00.000,MD,7758.7
2020-12-20T00:00:00.000,ME,1800.2
2020-12-20T00:00:00.000,MI,14434.0
2020-12-20T00:00:00.000,MN,6474.3
2020-12-20T00:00:00.000,MO,10910.4
2020-12-20T00:00:00.000,MP,41.3
2020-12-20T00:00:00.000,MS,4981.6
2020-12-20T00:00:00.000,MT,1627.7
2020-12-20T00:00:00.000,NC,15638.6
2020-12-20T00:00:00.000,ND,1269.1
2020-12-20T00:00:00.000,NE,2950.8
2020-12-20T00:00:00.000,NH,1798.1
2020-12-20T00:00:00.000,NJ,13966.3
2020-12-20T00:00:00.000,NM,2542.4
2020-12-20T00:00:00.000,NV,5610.2
2020-12-20T00:00:00.000,NY,32969.8
2020-12-20T00:00:00.000,OH,19171.5
2020-12-20T00:00:00.000,OK,6296.1
2020-12-20T00:00:00.000,OR,4484.1
2020-12-20T00:00:00.000,PA,23575.3
2020-12-20T00:00:00.000,PR,4106.7
2020-12-20T00:00:00.000,RI,2017.4
2020-12-20T00:00:00.000,SC,6838.5
2020-12-20T00:00:00.000,SD,1266.1
2020-12-20T00:00:00.000,TN,11422.7
2020-12-20T00:00:00.000,TX,44442.8
2020-12-20T00:00:00.000,UT,2794.9
2020-12-20T00:00:00.000,VA,11265.2
2020-12-20T00:00:00.000,VI,91.19999999999999
2020-12-20T00:00:00.000,VT,661.0
2020-12-20T00:00:00.000,WA,8205.8
2020-12-20T00:00:00.000,WI,7224.2
2020-12-20T00:00:00.000,WV,3611.6
2020-12-20T00:00:00.000,WY,548.9
2020-12-27T00:00:00.000,AK,557.0
2020-12-27T00:00:00.000,AL,10538.5
2020-12-27T00:00:00.000,AR,5252.4
2020-12-27T00:00:00.000,AZ,10649.8
2020-12-27T00:00:00.000,CA,50414.3
2020-12-27T00:00:00.000,CO,6450.6
2020-12-27T00:00:00.000,CT,5857.4
2020-12-27T00:00:00.000,DC,2265.9
2020-12-27T00:00:00.000,DE,1789.6999999999998
2020-12-27T00:00:00.000,FL,39197.7
2020-12-27T00:00:00.000,GA,15358.6
2020-12-27T00:00:00.000,GU,184.0
2020-12-27T00:00:00.000,HI,1661.0
2020-12-27T00:00:00.000,IA,4403.8
2020-12-27T00:00:00.000,ID,1731.4
2020-12-27T00:00:00.000,IL,18909.1
2020-12-27T00:00:00.000,IN,10394.7
2020-12-27T00:00:00.000,KS,4572.3
2020-12-27T00:00:00.000,KY,7164.3
2020-12-27T00:00:00.000,LA,8289.6
2020-12-27T00:00:00.000,MA,12979.7
2020-12-27T00:00:00.000,MD,7965.3
2020-12-27T00:00:00.000,ME,1881.3
2020-12-27T00:00:00.000,MI,14612.7
2020-12-27T00:00:00.000,MN,6614.3
2020-12-27T00:00:00.000,MO,11189.0
2020-12-27T00:00:00.000,MP,45.9
2020-12-27T00:00:00.000,MS,5177.3
2020-12-27T00:00:00.000,MT,1675.4
2020-12-27T00:00:00.000,NC,16015.1
2020-12-27T00:00:00.000,ND,1307.9
2020-12-27T00:00:00.000,NE,3013.8
2020-12-27T00:00:00.000,NH,1873.7
2020-12-27T00:00:00.000,NJ,14125.3
2020-12-27T00:00:00.000,NM,2585.7
2020-12-27T00:00:00.000,NV,5692.4
2020-12-27T00:00:00.000,NY,33557.8
2020-12-27T00:00:00.000,OH,19575.0
2020-12-27T00:00:00.000,OK,6485.1
2020-12-27T00:00:00.000,OR,4612.6
2020-12-27T00:00:00.000,PA,24380.0
2020-12-27T00:00:00.000,PR,3718.6
2020-12-27T00:00:00.000,RI,2046.9
2020-12-27T00:00:00.000,SC,7185.3
2020-12-27T00:00:00.000,SD,1310.6
2020-12-27T00:00:00.000,TN,11956.0
2020-12-27T00:00:00.000,TX,44276.6
2020-12-27T00:00:00.000,UT,2876.7
2020-12-27T00:00:00.000,VA,11572.3
2020-12-27T00:00:00.000,VI,93.4
2020-12-27T00:00:00.000,VT,683.4
2020-12-27T00:00:00.000,WA,8393.2
2020-12-27T00:00:00.000,WI,7276.7
2020-12-27T00:00:00.000,WV,3776.9
2020-12-27T00:00:00.000,WY,550.1
2021-01-03T00:00:00.000,AK,576.2
2021-01-03T00:00:00.000,AL,10999.1
2021-01-03T00:00:00.000,AR,5441.1
2021-01-03T00:00:00.000,AZ,11103.0
2021-01-03T00:00:00.000,CA,52245.0
2021-01-03T00:00:00.000,CO,6640.4
2021-01-03T00:00:00.000,CT,6126.4
2021-01-03T00:00:00.000,DC,2414.5
2021-01-03T00:00:00.000,DE,1868.8
2021-01-03T00:00:00.000,FL,41850.2
2021-01-03T00:00:00.000,GA,15612.3
2021-01-03T00:00:00.000,GU,175.6
2021-01-03T00:00:00.000,HI,1746.9
2021-01-03T00:00:00.000,IA,4601.9
2021-01-03T00:00:00.000,ID,1791.8
2021-01-03T00:00:00.000,IL,19668.5
2021-01-03T00:00:00.000,IN,10935.0
2021-01-03T00:00:00.000,KS,4871.7
2021-01-03T00:00:00.000,KY,7493.8
2021-01-03T00:00:00.000,LA,8821.0
2021-01-03T00:00:00.000,MA,13514.800000000001
2021-01-03T00:00:00.000,MD,8282.7
2021-01-03T00:00:00.000,ME,1978.6000000000001
2021-01-03T00:00:00.000,MI,15593.7
2021-01-03T00:00:00.000,MN,6836.9
2021-01-03T00:00:00.000,MO,11807.7
2021-01-03T00:00:00.000,MP,48.3
2021-01-03T00:00:00.000,MS,5316.2
2021-01-03T00:00:00.000,MT,1766.8
2021-01-03T00:00:00.000,NC,16614.0
2021-01-03T00:00:00.000,ND,1304.9
2021-01-03T00:00:00.000,NE,2985.2
2021-01-03T00:00:00.000,NH,1971.7
2021-01-03T00:00:00.000,NJ,14615.0
2021-01-03T00:00:00.000,NM,2665.6
2021-01-03T00:00:00.000,NV,5585.3
2021-01-03T00:00:00.000,NY,35256.5
2021-01-03T00:00:00.000,OH,20719.8
2021-01-03T00:00:00.000,OK,6753.5
2021-01-03T00:00:00.000,OR,4827.7
2021-01-03T00:00:00.000,PA,25269.0
2021-01-03T00:00:00.000,PR,3774.4
2021-01-03T00:00:00.000,RI,2073.2
2021-01-03T00:00:00.000,SC,7645.099999999999
2021-01-03T00:00:00.000,SD,1402.1
2021-01-03T00:00:00.000,TN,11933.5
2021-01-03T00:00:00.000,TX,45995.7
2021-01-03T00:00:00.000,UT,2975.7
2021-01-03T00:00:00.000,VA,12202.3
2021-01-03T00:00:00.000,VI,102.19999999999999
2021-01-03T00:00:00.000,VT,738.3000000000001
2021-01-03T00:00:00.000,WA,8694.3
2021-01-03T00:00:00.000,WI,7640.2
2021-01-03T00:00:00.000,WV,3943.0
2021-01-03T00:00:00.000,WY,594.5
2021-01-10T00:00:00.000,AK,584.4
2021-01-10T00:00:00.000,AL,10977.5
2021-01-10T00:00:00.000,AR,5482.6
2021-01-10T00:00:00.000,AZ,11231.8
2021-01-10T00:00:00.000,CA,53194.5
2021-01-10T00:00:00.000,CO,6645.3
2021-01-10T00:00:00.000,CT,6193.1
2021-01-10T00:00:00.000,DC,2466.3
2021-01-10T00:00:00.000,DE,1903.5000000000002
2021-01-10T00:00:00.000,FL,42018.2
2021-01-10T00:00:00.000,GA,15588.2
2021-01-10T00:00:00.000,GU,186.39999999999998
2021-01-10T00:00:00.000,HI,1750.8
2021-01-10T00:00:00.000,IA,4659.5
2021-01-10T00:00:00.000,ID,1782.6
2021-01-10T00:00:00.000,IL,19595.7
2021-01-10T00:00:00.000,IN,10861.7
2021-01-10T00:00:00.000,KS,4748.0
2021-01-10T00:00:00.000,KY,7436.8
2021-01-10T00:00:00.000,LA,8910.3
2021-01-10T00:00:00.000,MA,13602.6
2021-01-10T00:00:00.000,MD,8266.0
2021-01-10T00:00:00.000,ME,2003.3
2021-01-10T00:00:00.000,MI,15651.1
2021-01-10T00:00:00.000,MN,6895.2
2021-01-10T00:00:00.000,MO,11853.3
2021-01-10T00:00:00.000,MP,54.1
2021-01-10T00:00:00.000,MS,5207.2
2021-01-10T00:00:00.000,MT,1778.6
2021-01-10T00:00:00.000,NC,16603.5
2021-01-10T00:00:00.000,ND,1292.7
2021-01-10T00:00:00.000,NE,2785.9
2021-01-10T00:00:00.000,NH,1957.7
2021-01-10T00:00:00.000,NJ,14838.0
2021-01-10T00:00:00.000,NM,2688.4
2021-01-10T00:00:00.000,NV,5768.400000000001
2021-01-10T00:00:00.000,NY,36085.2
2021-01-10T00:00:00.000,OH,20778.2
2021-01-10T00:00:00.000,OK,6704.5
2021-01-10T00:00:00.000,OR,4748.8
2021-01-10T00:00:00.000,PA,24095.6
2021-01-10T00:00:00.000,PR,4284.8
2021-01-10T00:00:00.000,RI,2070.6
2021-01-10T00:00:00.000,SC,7727.599999999999
2021-01-10T00:00:00.000,SD,1376.8
2021-01-10T00:00:00.000,TN,12353.3
2021-01-10T00:00:00.000,TX,46512.4
2021-01-10T00:00:00.000,UT,3112.0
2021-01-10T00:00:00.000,VA,12325.9
2021-01-10T00:00:00.000,VI,100.4
2021-01-10T00:00:00.000,VT,743.6
2021-01-10T00:00:00.000,WA,8747.4
2021-01-10T00:00:00.000,WI,7570.6
2021-01-10T00:00:00.000,WV,3927.6
2021-01-10T00:00:00.000,WY,583.7
2021-01-17T00:00:00.000,AK,571.1
2021-01-17T00:00:00.000,AL,10845.800000000001
2021-01-17T00:00:00.000,AR,5449.1
2021-01-17T00:00:00.000,AZ,11182.2
2021-01-17T00:00:00.000,CA,52198.2
2021-01-17T00:00:00.000,CO,6633.5
2021-01-17T00:00:00.000,CT,6221.599999999999
2021-01-17T00:00:00.000,DC,2438.5
2021-01-17T00:00:00.000,DE,1931.8999999999999
2021-01-17T00:00:00.000,FL,41787.8
2021-01-17T00:00:00.000,GA,15583.9
2021-01-17T00:00:00.000,GU,203.8
2021-01-17T00:00:00.000,HI,1739.9
2021-01-17T00:00:00.000,IA,4634.8
2021-01-17T00:00:00.000,ID,1789.2
2021-01-17T00:00:00.000,IL,19398.7
2021-01-17T00:00:00.000,IN,10595.2
2021-01-17T00:00:00.000,KS,4692.7
2021-01-17T00:00:00.000,KY,7595.8
2021-01-17T00:00:00.000,LA,9060.9
2021-01-17T00:00:00.000,MA,13658.4
2021-01-17T00:00:00.000,MD,8194.1
2021-01-17T00:00:00.000,ME,1984.3
2021-01-17T00:00:00.000,MI,15464.0
2021-01-17T00:00:00.000,MN,6884.3
2021-01-17T00:00:00.000,MO,11585.7
2021-01-17T00:00:00.000,MP,51.6
2021-01-17T00:00:00.000,MS,5216.7
2021-01-17T00:00:00.000,MT,1746.6
2021-01-17T00:00:00.000,NC,16674.2
2021-01-17T00:00:00.000,ND,1310.2
2021-01-17T00:00:00.000,NE,2620.2
2021-01-17T00:00:00.000,NH,1950.9
2021-01-17T00:00:00.000,NJ,14847.7
2021-01-17T00:00:00.000,NM,2632.4
2021-01-17T00:00:00.000,NV,5650.7
2021-01-17T00:00:00.000,NY,36232.7
2021-01-17T00:00:00.000,OH,20683.1
2021-01-17T00:00:00.000,OK,6530.2
2021-01-17T00:00:00.000,OR,4671.1
2021-01-17T00:00:00.000,PA,23562.2
2021-01-17T00:00:00.000,PR,4464.2
2021-01-17T00:00:00.000,RI,1788.2
2021-01-17T00:00:00.000,SC,7676.6
2021-01-17T00:00:00.000,SD,1360.8
2021-01-17T00:00:00.000,TN,12810.6
2021-01-17T00:00:00.000,TX,46513.2
2021-01-17T00:00:00.000,UT,3111.4
2021-01-17T00:00:00.000,VA,12152.8
2021-01-17T00:00:00.000,VI,93.8
2021-01-17T00:00:00.000,VT,758.7
2021-01-17T00:00:00.000,WA,8555.5
2021-01-17T00:00:00.000,WI,7498.5
2021-01-17T00:00:00.000,WV,3920.5
2021-01-17T00:00:00.000,WY,563.1
2021-01-24T00:00:00.000,AK,622.6999999999999
2021-01-24T00:00:00.000,AL,10725.9
2021-01-24T00:00:00.000,AR,5387.4
2021-01-24T00:00:00.000,AZ,10886.0
2021-01-24T00:00:00.000,CA,50722.6
2021-01-24T00:00:00.000,CO,6736.9
2021-01-24T00:00:00.000,CT,6222.5
2021-01-24T00:00:00.000,DC,2485.6
2021-01-24T00:00:00.000,DE,1907.3
2021-01-24T00:00:00.000,FL,42218.9
2021-01-24T00:00:00.000,GA,15471.0
2021-01-24T00:00:00.000,GU,190.10000000000002
2021-01-24T00:00:00.000,HI,1726.2
2021-01-24T00:00:00.000,IA,4543.3
2021-01-24T00:00:00.000,ID,1821.7
2021-01-24T00:00:00.000,IL,19032.2
2021-01-24T00:00:00.000,IN,10405.9
2021-01-24T00:00:00.000,KS,4668.099999999999
2021-01-24T00:00:00.000,KY,7478.400000000001
2021-01-24T00:00:00.000,LA,8927.8
2021-01-24T00:00:00.000,MA,13565.6
2021-01-24T00:00:00.000,MD,8218.8
2021-01-24T00:00:00.000,ME,1980.1000000000001
2021-01-24T00:00:00.000,MI,15324.5
2021-01-24T00:00:00.000,MN,6767.0
2021-01-24T00:00:00.000,MO,11415.4
2021-01-24T00:00:00.000,MP,50.3
2021-01-24T00:00:00.000,MS,5202.1
2021-01-24T00:00:00.000,MT,1730.4
2021-01-24T00:00:00.000,NC,16704.1
2021-01-24T00:00:00.000,ND,1273.5
2021-01-24T00:00:00.000,NE,2581.8
2021-01-24T00:00:00.000,NH,1933.8
2021-01-24T00:00:00.000,NJ,14710.4
2021-01-24T00:00:00.000,NM,2656.6
2021-01-24T00:00:00.000,NV,5624.8
2021-01-24T00:00:00.000,NY,36082.9
2021-01-24T00:00:00.000,OH,20262.2
2021-01-24T00:00:00.000,OK,6546.9
2021-01-24T00:00:00.000,OR,4813.4
2021-01-24T00:00:00.000,PA,23540.3
2021-01-24T00:00:00.000,PR,4505.4
2021-01-24T00:00:00.000,RI,1802.8
2021-01-24T00:00:00.000,SC,7643.3
2021-01-24T00:00:00.000,SD,1351.9
2021-01-24T00:00:00.000,TN,12657.1
2021-01-24T00:00:00.000,TX,46276.0
2021-01-24T00:00:00.000,UT,3202.3
2021-01-24T00:00:00.000,VA,12024.2
2021-01-24T00:00:00.000,VI,93.0
2021-01-24T00:00:00.000,VT,746.7
2021-01-24T00:00:00.000,WA,8657.7
2021-01-24T00:00:00.000,WI,7324.4
2021-01-24T00:00:00.000,WV,3906.3
2021-01-24T00:00:00.000,WY,536.0
2021-01-31T00:00:00.000,AK,619.1
2021-01-31T00:00:00.000,AL,10558.9
2021-01-31T00:00:00.000,AR,5284.9
2021-01-31T00:00:00.000,AZ,10543.8
2021-01-31T00:00:00.000,CA,49025.9
2021-01-31T00:00:00.000,CO,6724.7
2021-01-31T00:00:00.000,CT,6123.9
2021-01-31T00:00:00.000,DC,2384.3
2021-01-31T00:00:00.000,DE,1858.9
2021-01-31T00:00:00.000,FL,41197.0
2021-01-31T00:00:00.000,GA,15131.1
2021-01-31T00:00:00.000,GU,190.39999999999998
2021-01-31T00:00:00.000,HI,1704.2
2021-01-31T00:00:00.000,IA,4539.5
2021-01-31T00:00:00.000,ID,1749.8
2021-01-31T00:00:00.000,IL,18915.1
2021-01-31T00:00:00.000,IN,10226.5
2021-01-31T00:00:00.000,KS,4531.6
2021-01-31T00:00:00.000,KY,7396.7
2021-01-31T00:00:00.000,LA,8642.9
2021-01-31T00:00:00.000,MA,13295.4
2021-01-31T00:00:00.000,MD,7972.2
2021-01-31T00:00:00.000,ME,1956.2
2021-01-31T00:00:00.000,MI,15041.1
2021-01-31T00:00:00.000,MN,6719.099999999999
2021-01-31T00:00:00.000,MO,11284.0
2021-01-31T00:00:00.000,MP,48.3
2021-01-31T00:00:00.000,MS,5125.8
2021-01-31T00:00:00.000,MT,1689.7
2021-01-31T00:00:00.000,NC,16515.7
2021-01-31T00:00:00.000,ND,1283.4
2021-01-31T00:00:00.000,NE,2580.8
2021-01-31T00:00:00.000,NH,1927.1
2021-01-31T00:00:00.000,NJ,14505.5
2021-01-31T00:00:00.000,NM,2600.7000000000003
2021-01-31T00:00:00.000,NV,5469.5
2021-01-31T00:00:00.000,NY,35559.3
2021-01-31T00:00:00.000,OH,20083.0
2021-01-31T00:00:00.000,OK,6374.3
2021-01-31T00:00:00.000,OR,4726.7
2021-01-31T00:00:00.000,PA,23027.6
2021-01-31T00:00:00.000,PR,4613.7
2021-01-31T00:00:00.000,RI,1783.9
2021-01-31T00:00:00.000,SC,7390.7
2021-01-31T00:00:00.000,SD,1318.0
2021-01-31T00:00:00.000,TN,12199.4
2021-01-31T00:00:00.000,TX,45610.5
2021-01-31T00:00:00.000,UT,3078.9
2021-01-31T00:00:00.000,VA,11909.6
2021-01-31T00:00:00.000,VI,100.0
2021-01-31T00:00:00.000,VT,707.6
2021-01-31T00:00:00.000,WA,8525.0
2021-01-31T00:00:00.000,WI,7222.2
2021-01-31T00:00:00.000,WV,3833.2
2021-01-31T00:00:00.000,WY,507.8
2021-02-07T00:00:00.000,AK,629.4
2021-02-07T00:00:00.000,AL,10359.6
2021-02-07T00:00:00.000,AR,5278.0
2021-02-07T00:00:00.000,AZ,9984.3
2021-02-07T00:00:00.000,CA,47284.8
2021-02-07T00:00:00.000,CO,6650.4
2021-02-07T00:00:00.000,CT,6139.7
2021-02-07T00:00:00.000,DC,2384.9
2021-02-07T00:00:00.000,DE,1867.3
2021-02-07T00:00:00.000,FL,41510.7
2021-02-07T00:00:00.000,GA,15086.0
2021-02-07T00:00:00.000,GU,189.7
2021-02-07T00:00:00.000,HI,1753.9
2021-02-07T00:00:00.000,IA,4409.7
2021-02-07T00:00:00.000,ID,1712.0
2021-02-07T00:00:00.000,IL,18910.7
2021-02-07T00:00:00.000,IN,10101.2
2021-02-07T00:00:00.000,KS,4375.0
2021-02-07T00:00:00.000,KY,7221.900000000001
2021-02-07T00:00:00.000,LA,8515.3
2021-02-07T00:00:00.000,MA,13384.199999999999
2021-02-07T00:00:00.000,MD,8030.8
2021-02-07T00:00:00.000,ME,1928.0
2021-02-07T00:00:00.000,MI,15124.4
2021-02-07T00:00:00.000,MN,6685.1
2021-02-07T00:00:00.000,MO,11041.9
2021-02-07T00:00:00.000,MP,49.9
2021-02-07T00:00:00.000,MS,5053.3
2021-02-07T00:00:00.000,MT,1683.6
2021-02-07T00:00:00.000,NC,16531.2
2021-02-07T00:00:00.000,ND,1297.3
2021-02-07T00:00:00.000,NE,2539.9
2021-02-07T00:00:00.000,NH,1926.7
2021-02-07T00:00:00.000,NJ,14694.1
2021-02-07T00:00:00.000,NM,2578.5
2021-02-07T00:00:00.000,NV,5397.5
2021-02-07T00:00:00.000,NY,35817.6
2021-02-07T00:00:00.000,OH,19976.5
2021-02-07T00:00:00.000,OK,6302.6
2021-02-07T00:00:00.000,OR,4765.6
2021-02-07T00:00:00.000,PA,23122.0
2021-02-07T00:00:00.000,PR,4623.7
2021-02-07T00:00:00.000,RI,1739.8999999999999
2021-02-07T00:00:00.000,SC,7229.4
2021-02-07T00:00:00.000,SD,1266.8
2021-02-07T00:00:00.000,TN,12119.3
2021-02-07T00:00:00.000,TX,45126.3
2021-02-07T00:00:00.000,UT,2985.2
2021-02-07T00:00:00.000,VA,11871.9
2021-02-07T00:00:00.000,VI,99.4
2021-02-07T00:00:00.000,VT,731.8000000000001
2021-02-07T00:00:00.000,WA,8437.0
2021-02-07T00:00:00.000,WI,7259.0
2021-02-07T00:00:00.000,WV,3783.9
2021-02-07T00:00:00.000,WY,529.1
2021-02-14T00:00:00.000,AK,632.5
2021-02-14T00:00:00.000,AL,10111.3
2021-02-14T00:00:00.000,AR,5044.3
2021-02-14T00:00:00.000,AZ,9633.3
2021-02-14T00:00:00.000,CA,45253.5
2021-02-14T00:00:00.000,CO,6664.2
2021-02-14T00:00:00.000,CT,6003.900000000001
2021-02-14T00:00:00.000,DC,2351.5
2021-02-14T00:00:00.000,DE,1800.3
2021-02-14T00:00:00.000,FL,41327.5
2021-02-14T00:00:00.000,GA,15156.6
2021-02-14T00:00:00.000,GU,194.0
2021-02-14T00:00:00.000,HI,1772.3
2021-02-14T00:00:00.000,IA,4392.3
2021-02-14T00:00:00.000,ID,1725.6
2021-02-14T00:00:00.000,IL,18707.8
2021-02-14T00:00:00.000,IN,9772.7
2021-02-14T00:00:00.000,KS,4387.5
2021-02-14T00:00:00.000,KY,7057.5
2021-02-14T00:00:00.000,LA,8047.5
2021-02-14T00:00:00.000,MA,13276.5
2021-02-14T00:00:00.000,MD,7894.4
2021-02-14T00:00:00.000,ME,1893.8
2021-02-14T00:00:00.000,MI,14917.7
2021-02-14T00:00:00.000,MN,6671.5
2021-02-14T00:00:00.000,MO,10808.2
2021-02-14T00:00:00.000,MP,53.3
2021-02-14T00:00:00.000,MS,4948.7
2021-02-14T00:00:00.000,MT,1640.6000000000001
2021-02-14T00:00:00.000,NC,16208.3
2021-02-14T00:00:00.000,ND,1332.9
2021-02-14T00:00:00.000,NE,2536.9
2021-02-14T00:00:00.000,NH,1903.8000000000002
2021-02-14T00:00:00.000,NJ,14392.9
2021-02-14T00:00:00.000,NM,2507.8
2021-02-14T00:00:00.000,NV,5263.7
2021-02-14T00:00:00.000,NY,34956.0
2021-02-14T00:00:00.000,OH,19537.0
2021-02-14T00:00:00.000,OK,6097.3
2021-02-14T00:00:00.000,OR,4946.6
2021-02-14T00:00:00.000,PA,22652.100000000002
2021-02-14T00:00:00.000,PR,4641.1
2021-02-14T00:00:00.000,RI,1730.7
2021-02-14T00:00:00.000,SC,7157.2
2021-02-14T00:00:00.000,SD,1265.7
2021-02-14T00:00:00.000,TN,12078.1
2021-02-14T00:00:00.000,TX,43898.5
2021-02-14T00:00:00.000,UT,2927.4
2021-02-14T00:00:00.000,VA,11633.9
2021-02-14T00:00:00.000,VI,97.6
2021-02-14T00:00:00.000,VT,742.5
2021-02-14T00:00:00.000,WA,8536.6
2021-02-14T00:00:00.000,WI,7175.5
2021-02-14T00:00:00.000,WV,3691.8
2021-02-14T00:00:00.000,WY,517.5
2021-02-21T00:00:00.000,AK,655.3
2021-02-21T00:00:00.000,AL,10261.9
2021-02-21T00:00:00.000,AR,5405.1
2021-02-21T00:00:00.000,AZ,9628.6
2021-02-21T00:00:00.000,CA,44667.3
2021-02-21T00:00:00.000,CO,7040.8
2021-02-21T00:00:00.000,CT,6057.5
2021-02-21T00:00:00.000,DC,2337.5
2021-02-21T00:00:00.000,DE,1817.4
2021-02-21T00:00:00.000,FL,40871.5
2021-02-21T00:00:00.000,GA,15138.9
2021-02-21T00:00:00.000,GU,188.7
2021-02-21T00:00:00.000,HI,1716.8
2021-02-21T00:00:00.000,IA,4509.8
2021-02-21T00:00:00.000,ID,1739.8
2021-02-21T00:00:00.000,IL,19178.4
2021-02-21T00:00:00.000,IN,10186.4
2021-02-21T00:00:00.000,KS,4575.7
2021-02-21T00:00:00.000,KY,7313.6
2021-02-21T00:00:00.000,LA,8503.0
2021-02-21T00:00:00.000,MA,13392.5
2021-02-21T00:00:00.000,MD,7988.7
2021-02-21T00:00:00.000,ME,1908.8
2021-02-21T00:00:00.000,MI,15340.0
2021-02-21T00:00:00.000,MN,6890.6
2021-02-21T00:00:00.000,MO,11384.7
2021-02-21T00:00:00.000,MP,48.6
2021-02-21T00:00:00.000,MS,5255.3
2021-02-21T00:00:00.000,MT,1670.3
2021-02-21T00:00:00.000,NC,15968.7
2021-02-21T00:00:00.000,ND,1373.9
2021-02-21T00:00:00.000,NE,2613.2
2021-02-21T00:00:00.000,NH,1907.2
2021-02-21T00:00:00.000,NJ,14378.1
2021-02-21T00:00:00.000,NM,2549.2
2021-02-21T00:00:00.000,NV,5170.2
2021-02-21T00:00:00.000,NY,35240.3
2021-02-21T00:00:00.000,OH,19905.8
2021-02-21T00:00:00.000,OK,6471.1
2021-02-21T00:00:00.000,OR,4857.9
2021-02-21T00:00:00.000,PA,22784.7
2021-02-21T00:00:00.000,PR,4742.2
2021-02-21T00:00:00.000,RI,1717.0
2021-02-21T00:00:00.000,SC,7065.1
2021-02-21T00:00:00.000,SD,1312.7
2021-02-21T00:00:00.000,TN,12177.5
2021-02-21T00:00:00.000,TX,46565.9
2021-02-21T00:00:00.000,UT,2871.0
2021-02-21T00:00:00.000,VA,11550.2
2021-02-21T00:00:00.000,VI,101.3
2021-02-21T00:00:00.000,VT,755.4
2021-02-21T00:00:00.000,WA,8571.9
2021-02-21T00:00:00.000,WI,7234.7
2021-02-21T00:00:00.000,WV,3820.7000000000003
2021-02-21T00:00:00.000,WY,527.6
2021-02-28T00:00:00.000,AK,641.3000000000001
2021-02-28T00:00:00.000,AL,10074.9
2021-02-28T00:00:00.000,AR,5306.4
2021-02-28T00:00:00.000,AZ,9409.5
2021-02-28T00:00:00.000,CA,43852.6
2021-02-28T00:00:00.000,CO,6625.1
2021-02-28T00:00:00.000,CT,6044.7
2021-02-28T00:00:00.000,DC,2198.1
2021-02-28T00:00:00.000,DE,1795.5
2021-02-28T00:00:00.000,FL,40593.200000000004
2021-02-28T00:00:00.000,GA,14359.0
2021-02-28T00:00:00.000,GU,195.39999999999998
2021-02-28T00:00:00.000,HI,1653.2
2021-02-28T00:00:00.000,IA,4395.1
2021-02-28T00:00:00.000,ID,1680.4
2021-02-28T00:00:00.000,IL,18813.4
2021-02-28T00:00:00.000,IN,10236.4
2021-02-28T00:00:00.000,KS,4575.6
2021-02-28T00:00:00.000,KY,7217.0
2021-02-28T00:00:00.000,LA,8413.5
2021-02-28T00:00:00.000,MA,13281.8
2021-02-28T00:00:00.000,MD,8110.4
2021-02-28T00:00:00.000,ME,1922.5
2021-02-28T00:00:00.000,MI,15426.2
2021-02-28T00:00:00.000,MN,6807.1
2021-02-28T00:00:00.000,MO,11329.6
2021-02-28T00:00:00.000,MP,43.0
2021-02-28T00:00:00.000,MS,5131.9
2021-02-28T00:00:00.000,MT,1650.6
2021-02-28T00:00:00.000,NC,15912.3
2021-02-28T00:00:00.000,ND,1331.8000000000002
2021-02-28T00:00:00.000,NE,2562.9
2021-02-28T00:00:00.000,NH,1899.0
2021-02-28T00:00:00.000,NJ,14454.4
2021-02-28T00:00:00.000,NM,2494.0
2021-02-28T00:00:00.000,NV,5086.3
2021-02-28T00:00:00.000,NY,35107.6
2021-02-28T00:00:00.000,OH,19907.6
2021-02-28T00:00:00.000,OK,6368.7
2021-02-28T00:00:00.000,OR,4857.2
2021-02-28T00:00:00.000,PA,22739.9
2021-02-28T00:00:00.000,PR,4764.6
2021-02-28T00:00:00.000,RI,1730.3999999999999
2021-02-28T00:00:00.000,SC,6917.5
2021-02-28T00:00:00.000,SD,1271.2
2021-02-28T00:00:00.000,TN,12318.8
2021-02-28T00:00:00.000,TX,45069.7
2021-02-28T00:00:00.000,UT,2979.5
2021-02-28T00:00:00.000,VA,11495.3
2021-02-28T00:00:00.000,VI,98.30000000000001
2021-02-28T00:00:00.000,VT,767.1
2021-02-28T00:00:00.000,WA,8532.9
2021-02-28T00:00:00.000,WI,7192.9
2021-02-28T00:00:00.000,WV,3820.2999999999997
2021-02-28T00:00:00.000,WY,525.2
2021-03-07T00:00:00.000,AK,643.7
2021-03-07T00:00:00.000,AL,10045.9
2021-03-07T00:00:00.000,AR,5271.3
2021-03-07T00:00:00.000,AZ,9481.4
2021-03-07T00:00:00.000,CA,43255.0
2021-03-07T00:00:00.000,CO,6666.1
2021-03-07T00:00:00.000,CT,6019.1
2021-03-07T00:00:00.000,DC,2214.1
2021-03-07T00:00:00.000,DE,1801.1
2021-03-07T00:00:00.000,FL,40144.7
2021-03-07T00:00:00.000,GA,14345.1
2021-03-07T00:00:00.000,GU,197.4
2021-03-07T00:00:00.000,HI,1690.9
2021-03-07T00:00:00.000,IA,4476.5
2021-03-07T00:00:00.000,ID,1728.6
2021-03-07T00:00:00.000,IL,18733.4
2021-03-07T00:00:00.000,IN,9966.4
2021-03-07T00:00:00.000,KS,4451.6
2021-03-07T00:00:00.000,KY,7090.7
2021-03-07T00:00:00.000,LA,8389.4
2021-03-07T00:00:00.000,MA,13131.0
2021-03-07T00:00:00.000,MD,8057.2
2021-03-07T00:00:00.000,ME,1950.4
2021-03-07T00:00:00.000,MI,15636.3
2021-03-07T00:00:00.000,MN,6779.9
2021-03-07T00:00:00.000,MO,11125.1
2021-03-07T00:00:00.000,MP,42.9
2021-03-07T00:00:00.000,MS,4990.7
2021-03-07T00:00:00.000,MT,1643.0
2021-03-07T00:00:00.000,NC,15832.4
2021-03-07T00:00:00.000,ND,1356.8
2021-03-07T00:00:00.000,NE,2444.5
2021-03-07T00:00:00.000,NH,1941.0
2021-03-07T00:00:00.000,NJ,14554.3
2021-03-07T00:00:00.000,NM,2479.5
2021-03-07T00:00:00.000,NV,5139.3
2021-03-07T00:00:00.000,NY,35106.2
2021-03-07T00:00:00.000,OH,19797.5
2021-03-07T00:00:00.000,OK,6239.5
2021-03-07T00:00:00.000,OR,4813.5
2021-03-07T00:00:00.000,PA,22550.4
2021-03-07T00:00:00.000,PR,4793.5
2021-03-07T00:00:00.000,RI,1708.9
2021-03-07T00:00:00.000,SC,6850.8
2021-03-07T00:00:00.000,SD,1243.3
2021-03-07T00:00:00.000,TN,12255.0
2021-03-07T00:00:00.000,TX,43824.4
2021-03-07T00:00:00.000,UT,3001.4
2021-03-07T00:00:00.000,VA,11642.1
2021-03-07T00:00:00.000,VI,90.69999999999999
2021-03-07T00:00:00.000,VT,728.0
2021-03-07T00:00:00.000,WA,8487.3
2021-03-07T00:00:00.000,WI,7156.8
2021-03-07T00:00:00.000,WV,3825.4
2021-03-07T00:00:00.000,WY,519.6
2021-03-14T00:00:00.000,AK,661.7
2021-03-14T00:00:00.000,AL,9812.4
2021-03-14T00:00:00.000,AR,5227.599999999999
2021-03-14T00:00:00.000,AZ,9258.6
2021-03-14T00:00:00.000,CA,43414.2
2021-03-14T00:00:00.000,CO,6570.4
2021-03-14T00:00:00.000,CT,5987.9
2021-03-14T00:00:00.000,DC,2162.2
2021-03-14T00:00:00.000,DE,1801.7
2021-03-14T00:00:00.000,FL,39906.1
2021-03-14T00:00:00.000,GA,14374.0
2021-03-14T00:00:00.000,GU,201.4
2021-03-14T00:00:00.000,HI,1743.5
2021-03-14T00:00:00.000,IA,4355.2
2021-03-14T00:00:00.000,ID,1777.5
2021-03-14T00:00:00.000,IL,18743.9
2021-03-14T00:00:00.000,IN,10101.4
2021-03-14T00:00:00.000,KS,4236.0
2021-03-14T00:00:00.000,KY,7024.2
2021-03-14T00:00:00.000,LA,8302.9
2021-03-14T00:00:00.000,MA,13192.9
2021-03-14T00:00:00.000,MD,8140.9
2021-03-14T00:00:00.000,ME,1941.8
2021-03-14T00:00:00.000,MI,15545.1
2021-03-14T00:00:00.000,MN,6837.8
2021-03-14T00:00:00.000,MO,11005.2
2021-03-14T00:00:00.000,MP,56.4
2021-03-14T00:00:00.000,MS,4864.7
2021-03-14T00:00:00.000,MT,1656.2
2021-03-14T00:00:00.000,NC,16028.4
2021-03-14T00:00:00.000,ND,1284.3
2021-03-14T00:00:00.000,NE,2444.1
2021-03-14T00:00:00.000,NH,1935.3
2021-03-14T00:00:00.000,NJ,14554.2
2021-03-14T00:00:00.000,NM,2470.3
2021-03-14T00:00:00.000,NV,5006.6
2021-03-14T00:00:00.000,NY,35222.1
2021-03-14T00:00:00.000,OH,19537.3
2021-03-14T00:00:00.000,OK,5849.099999999999
2021-03-14T00:00:00.000,OR,4862.9
2021-03-14T00:00:00.000,PA,22723.2
2021-03-14T00:00:00.000,PR,4715.6
2021-03-14T00:00:00.000,RI,1680.2
2021-03-14T00:00:00.000,SC,6879.3
2021-03-14T00:00:00.000,SD,1221.1
2021-03-14T00:00:00.000,TN,12142.3
2021-03-14T00:00:00.000,TX,42475.1
2021-03-14T00:00:00.000,UT,2906.2999999999997
2021-03-14T00:00:00.000,VA,11558.6
2021-03-14T00:00:00.000,VI,88.4
2021-03-14T00:00:00.000,VT,732.6
2021-03-14T00:00:00.000,WA,8521.4
2021-03-14T00:00:00.000,WI,7102.3
2021-03-14T00:00:00.000,WV,3799.0
2021-03-14T00:00:00.000,WY,483.2
2021-03-21T00:00:00.000,AK,660.0
2021-03-21T00:00:00.000,AL,9655.5
2021-03-21T00:00:00.000,AR,4943.3
2021-03-21T00:00:00.000,AZ,9245.6
2021-03-21T00:00:00.000,CA,43601.3
2021-03-21T00:00:00.000,CO,6689.5
2021-03-21T00:00:00.000,CT,6139.3
2021-03-21T00:00:00.000,DC,2136.1
2021-03-21T00:00:00.000,DE,1844.8
2021-03-21T00:00:00.000,FL,40089.9
2021-03-21T00:00:00.000,GA,14365.3
2021-03-21T00:00:00.000,GU,197.3
2021-03-21T00:00:00.000,HI,1718.2
2021-03-21T00:00:00.000,IA,4436.6
2021-03-21T00:00:00.000,ID,1792.7
2021-03-21T00:00:00.000,IL,18845.4
2021-03-21T00:00:00.000,IN,10041.1
2021-03-21T00:00:00.000,KS,4384.8
2021-03-21T00:00:00.000,KY,7055.3
2021-03-21T00:00:00.000,LA,8281.7
2021-03-21T00:00:00.000,MA,13366.0
2021-03-21T00:00:00.000,MD,8263.0
2021-03-21T00:00:00.000,ME,1952.6
2021-03-21T00:00:00.000,MI,16017.4
2021-03-21T00:00:00.000,MN,6957.5
2021-03-21T00:00:00.000,MO,11044.5
2021-03-21T00:00:00.000,MP,49.6
2021-03-21T00:00:00.000,MS,4948.0
2021-03-21T00:00:00.000,MT,1669.2
2021-03-21T00:00:00.000,NC,16204.7
2021-03-21T00:00:00.000,ND,1310.7
2021-03-21T00:00:00.000,NE,2455.1
2021-03-21T00:00:00.000,NH,1917.3
2021-03-21T00:00:00.000,NJ,14651.5
2021-03-21T00:00:00.000,NM,2468.7999999999997
2021-03-21T00:00:00.000,NV,5018.5
2021-03-21T00:00:00.000,NY,35369.5
2021-03-21T00:00:00.000,OH,19670.2
2021-03-21T00:00:00.000,OK,6101.7
2021-03-21T00:00:00.000,OR,4690.3
2021-03-21T00:00:00.000,PA,22773.5
2021-03-21T00:00:00.000,PR,4825.1
2021-03-21T00:00:00.000,RI,1672.8999999999999
2021-03-21T00:00:00.000,SC,6825.7
2021-03-21T00:00:00.000,SD,1292.6000000000001
2021-03-21T00:00:00.000,TN,12133.4
2021-03-21T00:00:00.000,TX,42587.0
2021-03-21T00:00:00.000,UT,2855.1
2021-03-21T00:00:00.000,VA,11573.2
2021-03-21T00:00:00.000,VI,96.0
2021-03-21T00:00:00.000,VT,751.3
2021-03-21T00:00:00.000,WA,8482.1
2021-03-21T00:00:00.000,WI,7085.1
2021-03-21T00:00:00.000,WV,3873.1
2021-03-21T00:00:00.000,WY,520.9
2021-03-28T00:00:00.000,AK,663.4
2021-03-28T00:00:00.000,AL,9747.1
2021-03-28T00:00:00.000,AR,5022.1
2021-03-28T00:00:00.000,AZ,9290.6
2021-03-28T00:00:00.000,CA,43243.9
2021-03-28T00:00:00.000,CO,6549.7
2021-03-28T00:00:00.000,CT,6111.6
2021-03-28T00:00:00.000,DC,2080.1
2021-03-28T00:00:00.000,DE,1841.9999999999998
2021-03-28T00:00:00.000,FL,40201.5
2021-03-28T00:00:00.000,GA,14068.0
2021-03-28T00:00:00.000,GU,188.0
2021-03-28T00:00:00.000,HI,1743.9
2021-03-28T00:00:00.000,IA,4417.6
2021-03-28T00:00:00.000,ID,1793.2
2021-03-28T00:00:00.000,IL,18721.9
2021-03-28T00:00:00.000,IN,10152.6
2021-03-28T00:00:00.000,KS,4422.6
2021-03-28T00:00:00.000,KY,6882.9
2021-03-28T00:00:00.000,LA,8010.1
2021-03-28T00:00:00.000,MA,13429.9
2021-03-28T00:00:00.000,MD,8137.0
2021-03-28T00:00:00.000,ME,1939.3000000000002
2021-03-28T00:00:00.000,MI,16119.3
2021-03-28T00:00:00.000,MN,6924.3
2021-03-28T00:00:00.000,MO,10930.5
2021-03-28T00:00:00.000,MP,43.7
2021-03-28T00:00:00.000,MS,4848.0
2021-03-28T00:00:00.000,MT,1641.9
2021-03-28T00:00:00.000,NC,15877.2
2021-03-28T00:00:00.000,ND,1293.6
2021-03-28T00:00:00.000,NE,2466.7
2021-03-28T00:00:00.000,NH,1876.2
2021-03-28T00:00:00.000,NJ,14595.2
2021-03-28T00:00:00.000,NM,2439.2
2021-03-28T00:00:00.000,NV,5058.0
2021-03-28T00:00:00.000,NY,34868.1
2021-03-28T00:00:00.000,OH,19486.3
2021-03-28T00:00:00.000,OK,6114.0
2021-03-28T00:00:00.000,OR,4812.6
2021-03-28T00:00:00.000,PA,22459.8
2021-03-28T00:00:00.000,PR,4622.8
2021-03-28T00:00:00.000,RI,1939.8999999999999
2021-03-28T00:00:00.000,SC,7097.4
2021-03-28T00:00:00.000,SD,1304.8
2021-03-28T00:00:00.000,TN,11947.1
2021-03-28T00:00:00.000,TX,42121.2
2021-03-28T00:00:00.000,UT,2838.4
2021-03-28T00:00:00.000,VA,11411.0
2021-03-28T00:00:00.000,VI,80.3
2021-03-28T00:00:00.000,VT,706.1999999999999
2021-03-28T00:00:00.000,WA,8453.2
2021-03-28T00:00:00.000,WI,7072.8
2021-03-28T00:00:00.000,WV,3774.2999999999997
2021-03-28T00:00:00.000,WY,499.4
